seed,edge_server_number,edge_avg_wait,edge_avg_delay,edge_server_service,edge_server_utilization,edge_weight_utilization,edge_avg_number_node,edge_avg_number_queue,cloud_avg_wait,cloud_avg_delay,cloud_avg_service_time,cloud_utilization,cloud_weight_utilization,cloud_number,cloud_avg_number_node,cloud_avg_number_queue,count_E,E_avg_wait,E_avg_delay,E_avg_number_queue_edge,E_edge_server_utilization,edge_weight_utilizationE,E_edge_server_service,E_avg_number_edge,count_C,C_avg_wait,C_avg_delay,C_avg_number_queue_edge,C_edge_server_utilization,edge_weight_utilizationC,C_edge_server_service,C_avg_number_edge
123456789,"[1, 2, 3]",0.7652101922531807,0.37899469041319506,"[0.38565952008080423, 0.38691103790328485]","[0.42220431715464807, 0.3385872680924123, 0.0]","[0.42220431715464807, 0.11286242269747077, 0.0]",1.5073591620170241,0.7465675767699638,1.0755880054100764,0.28547897266367894,"[0.7874723631162508, 0.7958088061193005]","[0.3021234286182371, 0.14123942897478645, 0.0]","[0.3021234286182371, 0.047079809658262146, 0.0]","[4, 5, 6]",0.6035569167128552,0.16019405911983164,73230,0.8776994929047405,0.3775315236448513,0.5318367860321598,"[0.3910058713166348, 0.31359151615251973, 0.0]","[0.3910058713166348, 0.10453050538417324, 0.0]","[0.49937146723077314, 0.5011646649476125]",1.2364341735013142,48482,0.48281058495764495,0.38266790838499215,0.21473079073780413,"[0.031198445838016006, 0.024995751939895342, 0.0]","[0.031198445838016006, 0.008331917313298447, 0.0]","[0.10007096852544466, 0.10023232328014368]",0.27092498851571545
1298623217,"[1, 2, 3]",0.7824184802833468,0.3955775350366595,"[0.386280060062314, 0.38754890002593617]","[0.42418583727856096, 0.33716992782600147, 0.0]","[0.42418583727856096, 0.11238997594200048, 0.0]",1.5399063310327739,0.7785505659282115,1.0851104771515028,0.2881687066576131,"[0.799365200996508, 0.7917748839573435]","[0.30548473279448074, 0.14192131901064925, 0.0]","[0.30548473279448074, 0.04730710633688308, 0.0]","[4, 5, 6]",0.6091850274755511,0.16177897567042118,73033,0.89523138978757,0.39383323526248515,0.5540181138793165,"[0.39276644108298886, 0.31256676851121423, 0.0]","[0.39276644108298886, 0.1041889228370714, 0.0]","[0.5015582672587399, 0.5011971042818003]",1.2593513234735196,48503,0.4997384446255824,0.3999483000893475,0.22453245204885428,"[0.03141939619557325, 0.024603159314788757, 0.0]","[0.03141939619557325, 0.008201053104929586, 0.0]","[0.09973209966547039, 0.09986436888636255]",0.28055500755921625
1542118825,"[1, 2, 3]",0.7690970567173812,0.3835728713051635,"[0.38496535333621673, 0.38622430844882105]","[0.42124810997521556, 0.33733614895234937, 0.0]","[0.42124810997521556, 0.11244538298411645, 0.0]",1.5133289762080815,0.7547447172805166,1.0668191977140797,0.2728617479696632,"[0.7904087213571885, 0.8015219892141175]","[0.30195716642378534, 0.14364791489546705, 0.0]","[0.30195716642378534, 0.047882638298489016, 0.0]","[4, 5, 6]",0.598747521675566,0.15314244035631358,73021,0.8817269933287519,0.38230403228044096,0.5376816263519408,"[0.3900873470818234, 0.3123131699416956, 0.0]","[0.3900873470818234, 0.1041043899805652, 0.0]","[0.4976878268651723, 0.5016072567115718]",1.2400821433754599,48490,0.4868579099328433,0.38675245263606106,0.2170630909286008,"[0.031160762893388136, 0.025022979010656244, 0.0]","[0.031160762893388136, 0.00834099300355208, 0.0]","[0.10037283740026284, 0.0997744775508178]",0.27324683283264517
1053893316,"[1, 2, 3]",0.7481743380735995,0.36354150982578426,"[0.3862323005034608, 0.3826364080658737]","[0.4209968808360493, 0.33414990192913596, 0.0]","[0.4209968808360493, 0.11138330064304532, 0.0]",1.468885136293511,0.7137383535283257,1.1086566777158147,0.30576341178736327,"[0.80342933628845, 0.8017378047177178]","[0.30794673667537126, 0.1425695267235358, 0.0]","[0.30794673667537126, 0.047523175574511925, 0.0]","[4, 5, 6]",0.6220850080978068,0.17156874469889966,72667,0.8613912086939581,0.3625929628829541,0.508419362853836,"[0.3898730026607037, 0.30953021882350373, 0.0]","[0.3898730026607037, 0.10317673960783458, 0.0]","[0.5016341551877888, 0.4952715440562567]",1.2078225843380435,48480,0.4652559340916199,0.36591184019874956,0.20531899067447018,"[0.031123878175344732, 0.024619683105631958, 0.0]","[0.031123878175344732, 0.008206561035210651, 0.0]","[0.09949972660970309, 0.09914804048534168]",0.26106255195544686
1346394223,"[1, 2, 3]",0.762432828915672,0.3768580764437102,"[0.3842531438299915, 0.3872405535996325]","[0.4223905144013029, 0.3377203865381874, 0.0]","[0.4223905144013029, 0.1125734621793958, 0.0]",1.5030379991881815,0.7429270982486912,1.1123069326009958,0.31028987963771376,"[0.805064824103625, 0.7955252121500247]","[0.308329475064229, 0.14303839576858315, 0.0]","[0.308329475064229, 0.04767946525619438, 0.0]","[4, 5, 6]",0.625996180537165,0.1746283097043529,73076,0.8764008577529715,0.3767479792689371,0.5306797347970049,"[0.3909719387435919, 0.3128292005723785, 0.0]","[0.3909719387435919, 0.10427640019079283, 0.0]","[0.4976338695076329, 0.5021993732504244]",1.2344808741129754,48625,0.47718813837524326,0.37713363297362446,0.21224736345168638,"[0.0314185756577089, 0.02489118596580907, 0.0]","[0.0314185756577089, 0.008297061988603024, 0.0]","[0.1001903609362086, 0.09988354864837116]",0.26855712507520435
1678272510,"[1, 2, 3]",0.7730676175919827,0.38585492025019846,"[0.3857901917416918, 0.38900586965669914]","[0.42351854006161715, 0.33877344376652013, 0.0]","[0.42351854006161715, 0.1129244812555067, 0.0]",1.5219109597723732,0.7596189759442358,1.075784738896552,0.28148760265067346,"[0.794544853534108, 0.7937704435139571]","[0.30326283127271497, 0.14249337786133653, 0.0]","[0.30326283127271497, 0.04749779262044551, 0.0]","[4, 5, 6]",0.6037258667722921,0.15796965763824064,73113,0.8864937189285992,0.384921113749472,0.5417645153668601,"[0.3920312415699112, 0.3139166258235699, 0.0]","[0.3920312415699112, 0.10463887527452329, 0.0]","[0.5006087063106163, 0.5027815842831107]",1.2477123827603411,48484,0.48859699544388496,0.3881968901592261,0.21785446057738106,"[0.03148729849170412, 0.024856817942948826, 0.0]","[0.03148729849170412, 0.008285605980982942, 0.0]","[0.10005945934476278, 0.10083496189206614]",0.27419857701203404
360799814,"[1, 2, 3]",0.7596062670440157,0.3736647084319797,"[0.387397131324528, 0.3841275380599182]","[0.421971232438585, 0.3357326580195878, 0.0]","[0.421971232438585, 0.11191088600652926, 0.0]",1.4913051235672525,0.7336012331090798,1.099528667717746,0.3003189692915732,"[0.8015463593385589, 0.7942117180959386]","[0.30549060486833535, 0.14151636156300765, 0.0]","[0.30549060486833535, 0.047172120521002545, 0.0]","[4, 5, 6]",0.6149787411597682,0.16797177472842523,72976,0.873181998140518,0.37325886034761196,0.5240365719713712,"[0.3909197891992868, 0.31094702552063325, 0.0]","[0.3909197891992868, 0.10364900850687775, 0.0]","[0.5018965241625745, 0.4974641240766419]",1.2259033866912912,48324,0.4745152939870323,0.37468344389745684,0.20956466113770766,"[0.031051443239298586, 0.024785632498955858, 0.0]","[0.031051443239298586, 0.008261877499651953, 0.0]","[0.1000491305400304, 0.09956096928252028]",0.26540173687596214
1044958647,"[1, 2, 3]",0.7721024722379676,0.3837826009048736,"[0.3902148754066074, 0.3859605301678718]","[0.4264660039983204, 0.33879960288443794, 0.0]","[0.4264660039983204, 0.11293320096147931, 0.0]",1.5215895724430595,0.7563239655603012,1.0975142208321866,0.30039536564664454,"[0.7898919981846116, 0.8127656534656205]","[0.3034740920506106, 0.14422588968691746, 0.0]","[0.3034740920506106, 0.048075296562305816, 0.0]","[4, 5, 6]",0.6164163517482925,0.1687163700107644,73213,0.8868826510623096,0.3836112706683594,0.5405319307351668,"[0.3955661746911762, 0.31357422792038875, 0.0]","[0.3955661746911762, 0.10452474264012958, 0.0]","[0.5055810060182571, 0.5003877717849355]",1.249672333346732,48524,0.4841419860962267,0.3842124341626428,0.21579203482510506,"[0.030899829307140726, 0.02522537496404833, 0.0]","[0.030899829307140726, 0.008408458321349442, 0.0]","[0.09951596521405627, 0.10044088373089485]",0.2719172390962941
1017224544,"[1, 2, 3]",0.7729245577374301,0.38763714699083063,"[0.38591824956149984, 0.3844996126425444]","[0.42323809869536094, 0.33766715678152015, 0.0]","[0.42323809869536094, 0.11255571892717338, 0.0]",1.5264510120637138,0.7655457565868329,1.1047848477756537,0.29998067723082433,"[0.8057894537251882, 0.802700023616843]","[0.310296463837098, 0.14474165356805385, 0.0]","[0.310296463837098, 0.048247217856017946, 0.0]","[4, 5, 6]",0.6246478779169897,0.16960976051183782,72923,0.8856564837709163,0.3860708423455376,0.5441671202492381,"[0.39180735276980044, 0.3123589555705762, 0.0]","[0.39180735276980044, 0.10411965185685873, 0.0]","[0.4988189821813016, 0.500550638605631]",1.2483334285896146,48846,0.49189327777241887,0.3915418137056643,0.22137863633759575,"[0.03143074592556546, 0.025308201210945635, 0.0]","[0.03143074592556546, 0.00843606707031521, 0.0]","[0.10098750297885759, 0.09957262199240233]",0.2781175834741068
1865193757,"[1, 2, 3]",0.7610495985528043,0.3759854298861213,"[0.3845093411183977, 0.38576190734376287]","[0.4223435108201815, 0.3369329545633027, 0.0]","[0.4223435108201815, 0.11231098485443422, 0.0]",1.5006513100700507,0.7413748446865664,1.088651382593993,0.289758107471483,"[0.7976025410371442, 0.8016602079967698]","[0.3057908562702753, 0.14337269500763106, 0.0]","[0.3057908562702753, 0.04779089833587702, 0.0]","[4, 5, 6]",0.6120748995346535,0.1629113482567472,73201,0.8740025011827317,0.3752329878069735,0.5289230846085226,"[0.3911117747279744, 0.3119466398992242, 0.0]","[0.3911117747279744, 0.1039822132997414, 0.0]","[0.49833748839301284, 0.499312236205243]",1.2319814992357214,48570,0.47786269498787465,0.3778718952849353,0.21245176007804953,"[0.03123173609220568, 0.02498631466407687, 0.0]","[0.03123173609220568, 0.008328771554692289, 0.0]","[0.09960280002200711, 0.10048005281517718]",0.26866981083433206
1810540245,"[1, 2, 3]",0.7504445513139266,0.3663202145603634,"[0.38394167316662425, 0.3843541788194956]","[0.42056565848200184, 0.3345974495325731, 0.0]","[0.42056565848200184, 0.11153248317752436, 0.0]",1.4753244862129167,0.7201613781983417,1.0924674134236723,0.2925895053036364,"[0.802732335984941, 0.7937981328477938]","[0.307662271336354, 0.14283844144867658, 0.0]","[0.307662271336354, 0.04761281381622552, 0.0]","[4, 5, 6]",0.6152905880330002,0.16478987524796967,72524,0.8629607353189068,0.36462136135641016,0.5114624750327741,"[0.38928659704461654, 0.30974510166049507, 0.0]","[0.38928659704461654, 0.10324836722016502, 0.0]","[0.49743908622799726, 0.49947548455138596]",1.2104941737378856,48655,0.4702143866538057,0.370551338440814,0.20869890316558465,"[0.03127906143738303, 0.024852347872078556, 0.0]","[0.03127906143738303, 0.008284115957359518, 0.0]","[0.09999443905392828, 0.09924907009286285]",0.26483031247504624
1102669121,"[1, 2, 3]",0.7853522499287582,0.39864129641536356,"[0.3869569694044078, 0.3864038267008573]","[0.4225840628444734, 0.3380160232446789, 0.0]","[0.4225840628444734, 0.11267200774822629, 0.0]",1.5446652945283914,0.7840652084392393,1.0917984488200023,0.29377236293175246,"[0.7919306461541202, 0.8110937962038461]","[0.30244274590462866, 0.14448828812841527, 0.0]","[0.30244274590462866, 0.04816276270947176, 0.0]","[4, 5, 6]",0.6114569665271912,0.1645259324941473,73158,0.8971187719901549,0.39613804910038497,0.5572863224532354,"[0.39124389798329445, 0.31353491665779576, 0.0]","[0.39124389798329445, 0.10451163888593192, 0.0]","[0.5018232408173481, 0.4999333480147738]",1.2620651370943257,48387,0.5046020086665788,0.404929291019249,0.2267788859859938,"[0.03134016486118131, 0.024481106586883503, 0.0]","[0.03134016486118131, 0.008160368862294501, 0.0]","[0.10031257854842861, 0.09886539945983026]",0.28260015743405864
1317248082,"[1, 2, 3]",0.7707206677762314,0.3856537051074991,"[0.3856464853342635, 0.38434084737885277]","[0.42317172948862236, 0.33659577194459567, 0.0]","[0.42317172948862236, 0.11219859064819855, 0.0]",1.5206926919956127,0.7609251905623947,1.106101386481249,0.3058743055976071,"[0.7980916672165673, 0.8047900231570989]","[0.30751385586694224, 0.1451214268648939, 0.0]","[0.30751385586694224, 0.04837380895496463, 0.0]","[4, 5, 6]",0.6256480513595807,0.17301276862774453,72724,0.8835984804598895,0.3835635902923269,0.5398447947610153,"[0.3920112537012663, 0.3117605314416439, 0.0]","[0.3920112537012663, 0.10392017714721463, 0.0]","[0.5008103168804326, 0.49906326111318333]",1.2436165799039256,48865,0.4898509171082069,0.39085446168710486,0.22108039580138483,"[0.03116047578735417, 0.024835240502951755, 0.0]","[0.03116047578735417, 0.008278413500983918, 0.0]","[0.09906340530131996, 0.09891258210751368]",0.27707611209169075
1896969183,"[1, 2, 3]",0.7786144849093619,0.391868076108753,"[0.38608570569379236, 0.38757211076858694]","[0.4223327140274983, 0.3392396043677328, 0.0]","[0.4223327140274983, 0.1130798681225776, 0.0]",1.533230108709927,0.7716577903146957,1.098836902763038,0.29573383564852324,"[0.8004562588934862, 0.8088044285697776]","[0.30637075662451824, 0.14371335378742617, 0.0]","[0.30637075662451824, 0.04790445126247539, 0.0]","[4, 5, 6]",0.6158226137086804,0.16573850329673595,73294,0.8932957961101149,0.3924317748414526,0.5528367563554011,"[0.3912291108456104, 0.31436115641844947, 0.0]","[0.3912291108456104, 0.10478705213948315, 0.0]","[0.499674928629667, 0.5023518001142198]",1.258427023619461,48421,0.4903421280228943,0.39045111670579674,0.2188210339592945,"[0.031103603181886718, 0.024878447949284677, 0.0]","[0.031103603181886718, 0.008292815983094892, 0.0]","[0.10003858686245756, 0.09970712033115246]",0.27480308509046586
990976598,"[1, 2, 3]",0.7816981035755515,0.39733979915063344,"[0.3849802280875221, 0.3835834515274151]","[0.4225059806216721, 0.3378874937801045, 0.0]","[0.4225059806216721, 0.11262916459336816, 0.0]",1.5464688288716433,0.7860753544698665,1.1007508808422908,0.30391507170623905,"[0.7941759312886622, 0.8025539553478177]","[0.3067503073436923, 0.14419458835602417, 0.0]","[0.3067503073436923, 0.04806486278534139, 0.0]","[4, 5, 6]",0.6229363508286389,0.17199145512892236,73136,0.8945917782939673,0.3965480535123287,0.5600947454084451,"[0.39141103231033164, 0.31203882896902274, 0.0]","[0.39141103231033164, 0.10401294298967424, 0.0]","[0.49859807646203236, 0.4973501051016952]",1.2635446066877993,48894,0.499937250998851,0.39931584366009065,0.22598060906145698,"[0.031094948311342286, 0.025848664811080377, 0.0]","[0.031094948311342286, 0.008616221603693458, 0.0]","[0.09951932984145322, 0.10197994343811671]",0.28292422218387964
1751580146,"[1, 2, 3]",0.7582667942207689,0.3738067049315114,"[0.38564274538808924, 0.38298569077013794]","[0.42205797748698054, 0.3362119033555637, 0.0]","[0.42205797748698054, 0.11207063445185457, 0.0]",1.495528112589205,0.7372582317466607,1.101858093550823,0.2962060211271182,"[0.8033264730996087, 0.8106280729358827]","[0.30882405130573876, 0.14564485677291725, 0.0]","[0.30882405130573876, 0.04854828559097241, 0.0]","[4, 5, 6]",0.6215589356422764,0.16709002756362035,72928,0.8715521955789209,0.3731955962509093,0.5255330415474694,"[0.39092599867760724, 0.31085843300153604, 0.0]","[0.39092599867760724, 0.10361947766717867, 0.0]","[0.5001940687038785, 0.49606492975899646]",1.2273174732266128,48737,0.47546587589920675,0.37533225097716394,0.2117251901992089,"[0.031131978809373503, 0.025353470354028292, 0.0]","[0.031131978809373503, 0.008451156784676096, 0.0]","[0.09950174377609843, 0.10092058696475963]",0.2682106393626107
1504920807,"[1, 2, 3]",0.7617854528931415,0.37623503390620894,"[0.38537923072403724, 0.3857656200669369]","[0.4218317691948866, 0.33589538548997255, 0.0]","[0.4218317691948866, 0.11196512849665752, 0.0]",1.4971466642877667,0.7394195096029075,1.112054605505573,0.3105772123768098,"[0.8054717255912863, 0.7929139872773445]","[0.3071285722894278, 0.14102421225933195, 0.0]","[0.3071285722894278, 0.04700807075311065, 0.0]","[4, 5, 6]",0.6218146292087969,0.1736618446600372,73177,0.8715083436495786,0.37267548670981704,0.5240392722274367,"[0.39058001554648303, 0.3108559968451518, 0.0]","[0.39058001554648303, 0.10361866561505059, 0.0]","[0.49830208854882063, 0.4995013544320178]",1.2254752846190715,48309,0.4858576732571201,0.38518647464602995,0.21538023737546086,"[0.031251753648409424, 0.025039388644824367, 0.0]","[0.031251753648409424, 0.008346462881608122, 0.0]","[0.10056329683316613, 0.1008061965064994]",0.27167137966869465
1970735261,"[1, 2, 3]",0.7691880022765035,0.38378880490786893,"[0.3852440476306967, 0.38559341597718216]","[0.4223271071426395, 0.33767805534431716, 0.0]","[0.4223271071426395, 0.11255935178143905, 0.0]",1.5168346396269576,0.756829477140001,1.08495113296379,0.2852227317565202,"[0.7957442432414781, 0.8082136182398002]","[0.3052495228840082, 0.14557313888132042, 0.0]","[0.3052495228840082, 0.0485243796271068, 0.0]","[4, 5, 6]",0.611608337167554,0.16078567540222538,72969,0.8821381555801627,0.38262950481260966,0.5388475503496176,"[0.39058910122747276, 0.3128564236448384, 0.0]","[0.39058910122747276, 0.10428547454827947, 0.0]","[0.49919577912723206, 0.4998998097524065]",1.2422930752219288,48705,0.48701785643791756,0.38668494862599073,0.21798192679038972,"[0.03173800591517293, 0.024821631699479037, 0.0]","[0.03173800591517293, 0.008273877233159678, 0.0]","[0.10113381112452845, 0.09932713260846793]",0.2745415644050417
1129611452,"[1, 2, 3]",0.7654319164972311,0.38024875763726623,"[0.38513204919845967, 0.3852474583295283]","[0.42413480404768206, 0.3372326752642936, 0.0]","[0.42413480404768206, 0.11241089175476454, 0.0]",1.5129814360868827,0.751613956774907,1.078859925288165,0.2899040092306779,"[0.7888247422690549, 0.7892368167927777]","[0.30341712905583634, 0.14176241150943536, 0.0]","[0.30341712905583634, 0.047254137169811784, 0.0]","[4, 5, 6]",0.6087619803576867,0.16358243979241496,73276,0.8782902138292282,0.37910232415918477,0.5354340220784662,"[0.3929455661122689, 0.31209410920942987, 0.0]","[0.3929455661122689, 0.10403136973647661, 0.0]","[0.498600439933435, 0.4999294963596147]",1.2404736974001649,48752,0.48294356100764696,0.3831183216441458,0.2161799346964416,"[0.031189237935420017, 0.025138566054864787, 0.0]","[0.031189237935420017, 0.008379522018288262, 0.0]","[0.09959076035469391, 0.10011769502037897]",0.2725077386867264
60786698,"[1, 2, 3]",0.7880722354133641,0.4009142682168801,"[0.3872839421391178, 0.3870003496765102]","[0.4248577606493706, 0.3393165965374853, 0.0]","[0.4248577606493706, 0.11310553217916176, 0.0]",1.555500971024019,0.7913266138371631,1.1070565577137026,0.30330521395741816,"[0.8038517841331041, 0.8035366899827957]","[0.3093052540284713, 0.14467278264085792, 0.0]","[0.3093052540284713, 0.048224260880285974, 0.0]","[4, 5, 6]",0.6252920961898462,0.1713140595205169,72931,0.9031860686075618,0.4007378212813482,0.5646320089552253,"[0.39375602789026287, 0.3141840471860404, 0.0]","[0.39375602789026287, 0.10472801572868014, 0.0]","[0.502593951909242, 0.5022657600400365]",1.2725720840315287,48798,0.5009151428911917,0.40135442373584435,0.22669460488192686,"[0.031101732759113307, 0.025132549351444794, 0.0]","[0.031101732759113307, 0.008377516450481598, 0.0]","[0.09918555812597163, 0.10002893159588802]",0.282928886992485
1169295843,"[1, 2, 3]",0.7856586692614558,0.39954417820852867,"[0.3843877798818141, 0.38829566743500454]","[0.4235113231430693, 0.33867794097343573, 0.0]","[0.4235113231430693, 0.11289264699114523, 0.0]",1.550888704897267,0.7886994407807622,1.0960097788576801,0.29734962228488754,"[0.8008065780609386, 0.7940794075517441]","[0.3083630844987499, 0.14327723543792834, 0.0]","[0.3083630844987499, 0.04775907847930944, 0.0]","[4, 5, 6]",0.619790787236917,0.1681504673002389,72834,0.898686570325541,0.3979154608815497,0.5604641585380415,"[0.39158778415853773, 0.3137486153191274, 0.0]","[0.39158778415853773, 0.10458287177304246, 0.0]","[0.4996677493901193, 0.5021550616733946]",1.2658005580157068,48858,0.5041368849826953,0.40360087043813864,0.22823528224271555,"[0.03192353898452592, 0.024929325654306982, 0.0]","[0.03192353898452592, 0.008309775218102326, 0.0]","[0.10036162693050671, 0.10076021553675901]",0.2850881468815485
1466260532,"[1, 2, 3]",0.77471261253116,0.3907714144111887,"[0.383653892877666, 0.3843020660579532]","[0.4218011046291105, 0.3363845767365063, 0.0]","[0.4218011046291105, 0.11212819224550209, 0.0]",1.5298592932216024,0.7716736118559857,1.0932536784042592,0.2905575636724162,"[0.7994093633197191, 0.8096861826615869]","[0.3066793226517567, 0.14605534490741015, 0.0]","[0.3066793226517567, 0.04868511496913672, 0.0]","[4, 5, 6]",0.6166142224514666,0.16387955489229974,73145,0.8868204142947296,0.3894127930926407,0.5493550465019738,"[0.39067985800211547, 0.31102638206715494, 0.0]","[0.39067985800211547, 0.10367546068905165, 0.0]","[0.49678833857007915, 0.4981876924921749]",1.251061286571244,48724,0.49430735653563496,0.3941696128651078,0.22231856535399622,"[0.0311212466269922, 0.025358194669352577, 0.0]","[0.0311212466269922, 0.00845273155645086, 0.0]","[0.09942247752468268, 0.10102975639246503]",0.278798006650341
1455044256,"[1, 2, 3]",0.7637740098867892,0.3772978260803248,"[0.3875951367700295, 0.38507861742490845]","[0.42082016841316433, 0.3347395409141104, 0.0]","[0.42082016841316433, 0.11157984697137013, 0.0]",1.49317575851135,0.7376160491840754,1.092559908288064,0.2941122118566286,"[0.7964275259058118, 0.8027761833955345]","[0.3040781587444232, 0.1430491762491248, 0.0]","[0.3040781587444232, 0.04768305874970827, 0.0]","[4, 5, 6]",0.6118289304321226,0.16470159543857466,72145,0.8780544967161577,0.376818059981297,0.5256615871934852,"[0.38916716013027436, 0.3100581925673417, 0.0]","[0.38916716013027436, 0.10335273085578056, 0.0]","[0.503478324694052, 0.4984506474434545]",1.224886939891101,48384,0.4790907923550881,0.37849296761787365,0.21195446199062545,"[0.03165300828288894, 0.02468134834677077, 0.0]","[0.03165300828288894, 0.008227116115590256, 0.0]","[0.10120418009171823, 0.09983074731833184]",0.2682888186202851
1002071480,"[1, 2, 3]",0.7641219892831647,0.3783090951659863,"[0.3851386329164585, 0.38665902948754083]","[0.42348244192077067, 0.3387932900938309, 0.0]","[0.42348244192077067, 0.11293109669794363, 0.0]",1.5097257183746968,0.7474499863600952,1.1038658854199817,0.3047720100879508,"[0.796538431863676, 0.8045872197053348]","[0.30655664617435724, 0.14404778469329865, 0.0]","[0.30655664617435724, 0.04801592823109955, 0.0]","[4, 5, 6]",0.6224636108582546,0.17185917999059874,73263,0.8786338353077928,0.3785725592588267,0.5344956452429068,"[0.3922138695334133, 0.3138081805752056, 0.0]","[0.3922138695334133, 0.10460272685840186, 0.0]","[0.49853998626546264, 0.5019757673169395]",1.2405176953515256,48719,0.47740871516471484,0.3776494371891545,0.21295434111718367,"[0.031268572387357245, 0.0249851095186237, 0.0]","[0.031268572387357245, 0.008328369839541234, 0.0]","[0.0999527742334198, 0.09951817259280138]",0.2692080230231646
1937862211,"[1, 2, 3]",0.7747959328087535,0.38910841817510194,"[0.3857145934330455, 0.385653601870481]","[0.4235038127463402, 0.33810755388892333, 0.0]","[0.4235038127463402, 0.11270251796297444, 0.0]",1.5299779403292937,0.7683665736940302,1.1144093153622274,0.3140907361463389,"[0.7966902353369574, 0.8081008834861774]","[0.30693856239728157, 0.14515358824534946, 0.0]","[0.30693856239728157, 0.048384529415116485, 0.0]","[4, 5, 6]",0.6295189405347862,0.17742678989215513,72993,0.8868163679030006,0.38684486955835196,0.545371888650446,"[0.3921916759066248, 0.3126655466666332, 0.0]","[0.3921916759066248, 0.10422184888887773, 0.0]","[0.5000771200925851, 0.49983907489005486]",1.250229111223704,48802,0.49522688046863833,0.3947575494356827,0.22299468504360503,"[0.0313121368397135, 0.025442007222288558, 0.0]","[0.0313121368397135, 0.008480669074096185, 0.0]","[0.0998124964922068, 0.10128967802481618]",0.2797488291056071
1463326483,"[1, 2, 3]",0.764737111035964,0.3794437348925417,"[0.3841879405094639, 0.3866823253608593]","[0.4227896589391553, 0.3386741442550833, 0.0]","[0.4227896589391553, 0.1128913814183611, 0.0]",1.5113668312752309,0.7499030280809924,1.100357608478339,0.30331158228607363,"[0.8002508506741519, 0.7902222418425887]","[0.3076871443629088, 0.1426958727634538, 0.0]","[0.3076871443629088, 0.04756529092115126, 0.0]","[4, 5, 6]",0.621773854129821,0.17139083700345845,73107,0.8780066339345927,0.3786929839668567,0.5344330543870308,"[0.3910387321413492, 0.31362105916006194, 0.0]","[0.3910387321413492, 0.10454035305335398, 0.0]","[0.49707090006444893, 0.5021385339545187]",1.239092845688442,48819,0.48184520729076213,0.3813187437490594,0.21546997369397616,"[0.031750926797802094, 0.025053085095024165, 0.0]","[0.031750926797802094, 0.008351028365008055, 0.0]","[0.10118523932486581, 0.0997037903885611]",0.27227398558680244
2099227178,"[1, 2, 3]",0.7726672879702293,0.386456482032739,"[0.3871222954485222, 0.38507096037079463]","[0.42502746483810927, 0.338076699115793, 0.0]","[0.42502746483810927, 0.11269223303859767, 0.0]",1.5266937530911142,0.7635895891372116,1.1200845087837568,0.3152541090071843,"[0.8072375044573805, 0.7997274789874318]","[0.31080569192356233, 0.14524654205040674, 0.0]","[0.31080569192356233, 0.04841551401680225, 0.0]","[4, 5, 6]",0.6346890507767537,0.17863681680278473,72795,0.8868593152548673,0.38552514330486876,0.5432939109911428,"[0.39381015907783407, 0.3126854034614743, 0.0]","[0.39381015907783407, 0.10422846782049142, 0.0]","[0.5015122134106783, 0.5011101182533247]",1.2497894735304511,48955,0.48867424697537265,0.3887727008075345,0.22029567814609108,"[0.031217305760271725, 0.025391295654317136, 0.0]","[0.031217305760271725, 0.008463765218105712, 0.0]","[0.0998411188124236, 0.09997593884634572]",0.2769042795606799
1874066059,"[1, 2, 3]",0.7985911291096566,0.4115620046993271,"[0.3865530119440082, 0.38762765949294126]","[0.4248637547585543, 0.3389029287642629, 0.0]","[0.4248637547585543, 0.11296764292142097, 0.0]",1.5759467691226434,0.8121800855998262,1.0959588096893442,0.3016948188435502,"[0.7936233905658459, 0.7956382545172208]","[0.30509668601913026, 0.14257905927798406, 0.0]","[0.30509668601913026, 0.04752635309266135, 0.0]","[4, 5, 6]",0.6177217935061491,0.17004604820903477,73097,0.9115770317656948,0.4100700270441303,0.5781055912573633,"[0.39301280846678677, 0.31399815152485566, 0.0]","[0.39301280846678677, 0.10466605050828522, 0.0]","[0.5013070212715508, 0.5017575370570143]",1.2851165512490055,48692,0.5159894676750365,0.41529375666372803,0.23407449434248437,"[0.03185094629176528, 0.024904777239408208, 0.0]","[0.03185094629176528, 0.008301592413136069, 0.0]","[0.10107164294141234, 0.10021898421490712]",0.2908302178736578
1802338198,"[1, 2, 3]",0.7681104040917915,0.3831716458519061,"[0.3840593175374367, 0.38604357813102336]","[0.42001396749123426, 0.3360600105501131, 0.0]","[0.42001396749123426, 0.11202000351670435, 0.0]",1.5086770982794047,0.7526031202380573,1.0791056431886044,0.28213192781189284,"[0.7949199722370948, 0.8013493638787882]","[0.3034086233387154, 0.1435588946699654, 0.0]","[0.3034086233387154, 0.04785296488998847, 0.0]","[4, 5, 6]",0.6051958323082052,0.15822831429952441,72789,0.8792791297474604,0.38066979051004607,0.5341977272424479,"[0.38862484352026855, 0.3110786329379089, 0.0]","[0.38862484352026855, 0.10369287764596963, 0.0]","[0.4971517785675947, 0.5004422951923964]",1.2339012037006254,48455,0.48994425047719337,0.38943178307342735,0.21840539299561337,"[0.03138912397096862, 0.024981377612203846, 0.0]","[0.03138912397096862, 0.008327125870734614, 0.0]","[0.1006336381781077, 0.10036062925637783]",0.2747758945787858
1526883986,"[1, 2, 3]",0.7905177171094105,0.40485028812396456,"[0.38630022269979397, 0.3848768595156313]","[0.4244296099158588, 0.3384734701107559, 0.0]","[0.4244296099158588, 0.11282449003691863, 0.0]",1.5637524869157056,0.8008494068890908,1.0903167520507615,0.29320693582045093,"[0.7952580692426067, 0.8010121989351524]","[0.30540816059857023, 0.14596995418704795, 0.0]","[0.30540816059857023, 0.04865665139568265, 0.0]","[4, 5, 6]",0.617411942544256,0.16603382775863787,73056,0.9051938659612158,0.40478048389148447,0.5714969202013771,"[0.39321106126507116, 0.3133069603821252, 0.0]","[0.39321106126507116, 0.10443565346070839, 0.0]","[0.4998180952352315, 0.5011624971679016]",1.2780149418485733,48923,0.5045973532561141,0.4050243299953354,0.2293524866877066,"[0.031218548650787544, 0.025166509728632457, 0.0]","[0.031218548650787544, 0.008388836576210819, 0.0]","[0.10006083258706425, 0.09897447535518761]",0.28573754506712656
1705994722,"[1, 2, 3]",0.7493895002028778,0.36306000108499736,"[0.38722899201516287, 0.38520229492613983]","[0.42502338025466796, 0.33738748148349684, 0.0]","[0.42502338025466796, 0.11246249382783227, 0.0]",1.4788999958112838,0.7164891340731191,1.0877009207203177,0.29235000990906157,"[0.7936327145425448, 0.7990605664625182]","[0.3051604314274677, 0.14230741533160707, 0.0]","[0.3051604314274677, 0.04743580511053569, 0.0]","[4, 5, 6]",0.6119452210297205,0.16447737427064574,73284,0.8626161388769417,0.3620294700566915,0.5107760702928775,"[0.39395015938642974, 0.31231193441761995, 0.0]","[0.39395015938642974, 0.10410397813920665, 0.0]","[0.5020205689388465, 0.4987895885795534]",1.2170381640969272,48605,0.4654458367661297,0.3656443112693234,0.2057130637802414,"[0.03107322086823438, 0.02507554706587885, 0.0]","[0.03107322086823438, 0.008358515688626283, 0.0]","[0.09931574904285571, 0.1004101251515124]",0.2618618317143547
1927989002,"[1, 2, 3]",0.797760522603736,0.4118116118229084,"[0.3844139493648206, 0.3878766321216082]","[0.4224423594041923, 0.3394025843269705, 0.0]","[0.4224423594041923, 0.11313419477565684, 0.0]",1.5747416393127902,0.8128966955816274,1.1023572207193904,0.30465274852410323,"[0.7993477652627211, 0.7942077452038515]","[0.3069690898817882, 0.14333303492210334, 0.0]","[0.3069690898817882, 0.047777678307367774, 0.0]","[4, 5, 6]",0.6222778185219088,0.17197569371801724,73005,0.9122936394458563,0.4119876483000624,0.5806782144454925,"[0.3906821204511368, 0.31447685898343675, 0.0]","[0.3906821204511368, 0.10482561966114558, 0.0]","[0.4994189479834575, 0.5014123846998209]",1.285837193880066,48773,0.5117905412042095,0.4113720782671636,0.2322184811361409,"[0.03176023895305948, 0.02492572534353095, 0.0]","[0.03176023895305948, 0.008308575114510316, 0.0]","[0.10030002518503697, 0.10056978162842577]",0.28890444543273136
1075134835,"[1, 2, 3]",0.7929028140640376,0.4080959678082315,"[0.38497457982526856, 0.38459745818118585]","[0.4232198178392567, 0.3386946975340277, 0.0]","[0.4232198178392567, 0.11289823251134257, 0.0]",1.5699413074218385,0.808026792048554,1.089289116471765,0.2920321371542607,"[0.7982715937024555, 0.795117144182616]","[0.30550125576127024, 0.1442826610135866, 0.0]","[0.30550125576127024, 0.048094220337862204, 0.0]","[4, 5, 6]",0.6145380197565824,0.1647541029817256,73578,0.9046263776646782,0.40647554041711464,0.5754993744183624,"[0.39177667501705504, 0.3135191341914574, 0.0]","[0.39177667501705504, 0.10450637806381913, 0.0]","[0.4978798746665461, 0.4984898496552257]",1.280795183626875,48740,0.5125211387973065,0.41216259558067353,0.2325274176302171,"[0.03144314282220609, 0.025175563342571455, 0.0]","[0.03144314282220609, 0.008391854447523817, 0.0]","[0.10063258701577951, 0.10001836395082946]",0.2891461237949946
1563513626,"[1, 2, 3]",0.7843598164195115,0.3977809706321441,"[0.3871616953679366, 0.3858514054444756]","[0.4243918331243927, 0.33888615542481393, 0.0]","[0.4243918331243927, 0.1129620518082713, 0.0]",1.5486739367647868,0.7853959482155803,1.080338722791038,0.2829300957885995,"[0.7940857081218922, 0.8045948013970163]","[0.30539945554391174, 0.14308697022166952, 0.0]","[0.30539945554391174, 0.04769565674055651, 0.0]","[4, 5, 6]",0.6076147611069477,0.15912833534136636,73389,0.8982070937953189,0.39740855067420483,0.5611461889754114,"[0.3930592651625527, 0.3140749760109148, 0.0]","[0.3930592651625527, 0.10469165867030492, 0.0]","[0.5016232609778097, 0.4997702360517745]",1.2682804301488788,48584,0.4985395059601268,0.398715952921175,0.22424975924017532,"[0.03133256796183985, 0.024811179413899907, 0.0]","[0.03133256796183985, 0.008270393137966636, 0.0]","[0.10023628275274135, 0.09930717236377114]",0.28039350661591506
2005675677,"[1, 2, 3]",0.7879172949124131,0.4011884359657173,"[0.38605035475608473, 0.38757798456650666]","[0.422159798510173, 0.3386667871583807, 0.0]","[0.422159798510173, 0.11288892905279357, 0.0]",1.550100054364034,0.7892734686954804,1.1134212358898607,0.3107146363540862,"[0.802529749700474, 0.803080604483215]","[0.30454845374425693, 0.14410588201668578, 0.0]","[0.30454845374425693, 0.048035294005561925, 0.0]","[4, 5, 6]",0.6223211137160086,0.17366677795506594,73392,0.899558984909169,0.3994211453406326,0.5625493750141715,"[0.3907187172068361, 0.3136812184307137, 0.0]","[0.3907187172068361, 0.10456040614357123, 0.0]","[0.4985452456025891, 0.5021358484517195]",1.2669493106517213,48289,0.5065970671070152,0.40564174190602087,0.2267240936813135,"[0.031441081303337504, 0.024985568727666045, 0.0]","[0.031441081303337504, 0.008328522909222015, 0.0]","[0.10148245177043996, 0.10029973571654346]",0.2831507437123171
1271354862,"[1, 2, 3]",0.7652163905748257,0.3777655061637433,"[0.38486323785879684, 0.39073071769773493]","[0.4231448023696923, 0.3389325841820247, 0.0]","[0.4231448023696923, 0.1129775280606749, 0.0]",1.5051045965792123,0.7430272100274953,1.0944626830891133,0.29558852072736747,"[0.8004331540986168, 0.7955496479442212]","[0.30616941406847736, 0.1426985679067916, 0.0]","[0.30616941406847736, 0.04756618930226387, 0.0]","[4, 5, 6]",0.61495199000189,0.1660840080266211,72845,0.8781750752082481,0.3756393797284386,0.527782689871252,"[0.39181346419070534, 0.31426171170910855, 0.0]","[0.39181346419070534, 0.10475390390303618, 0.0]","[0.4990306669063404, 0.5069752456292393]",1.2338578657710657,48544,0.4827521979048985,0.3830820923917527,0.2152445201562118,"[0.031331338178989455, 0.024670872472917063, 0.0]","[0.031331338178989455, 0.00822362415763902, 0.0]","[0.09968009667412837, 0.0996574198965549]",0.2712467308081183
1510995089,"[1, 2, 3]",0.7839958552055103,0.39677282314260437,"[0.38620630324383437, 0.3884999519169036]","[0.42699971899302225, 0.34201148890842187, 0.0]","[0.42699971899302225, 0.11400382963614061, 0.0]",1.5569879621813698,0.7879767542799256,1.1013066774730536,0.3033812516766618,"[0.7956329768551998, 0.8028103931489011]","[0.3079341771576157, 0.14581295466752142, 0.0]","[0.3079341771576157, 0.04860431822250714, 0.0]","[4, 5, 6]",0.6262674806539911,0.172520348828854,73320,0.8981148614451245,0.3957850389702316,0.5609484955478125,"[0.39517788578876417, 0.31677716667921124, 0.0]","[0.39517788578876417, 0.1055923888930704, 0.0]","[0.5016737635320069, 0.5031506620420704]",1.272903548015788,49130,0.4995693884022942,0.3992347440037108,0.22702825873210292,"[0.031821833204254725, 0.025234322229209773, 0.0]","[0.031821833204254725, 0.008411440743069924, 0.0]","[0.10009789731023791, 0.10063479651862112]",0.2840844141655674
468668233,"[1, 2, 3]",0.7770309816302532,0.3902952401856925,"[0.3867445998124967, 0.3867246745128913]","[0.4232287489232582, 0.3387499746522517, 0.0]","[0.4232287489232582, 0.11291665821741723, 0.0]",1.530970665782443,0.768991942206933,1.0977226316928126,0.295862751870111,"[0.7952732578625753, 0.8159457664907769]","[0.30431753038469, 0.14599918561259673, 0.0]","[0.30431753038469, 0.04866639520419891, 0.0]","[4, 5, 6]",0.6164703622397292,0.16615364624244236,73186,0.888950329945645,0.3878682765023635,0.5463870829944834,"[0.39187544727574214, 0.31399501985974704, 0.0]","[0.39187544727574214, 0.10466500661991568, 0.0]","[0.5010635599529244, 0.5011051358034473]",1.2522575501299726,48519,0.4962926257959385,0.3963830329077037,0.22260485921244627,"[0.03135330164751526, 0.024754954792504752, 0.0]","[0.03135330164751526, 0.008251651597501583, 0.0]","[0.10041113731745897, 0.09928150988446628]",0.2787131156524663
1249319248,"[1, 2, 3]",0.7744199655704368,0.38834256842806003,"[0.3868550616306117, 0.3851081972654097]","[0.42257349876241435, 0.33753254485988027, 0.0]","[0.42257349876241435, 0.11251084828662675, 0.0]",1.5246717380732353,0.7645656944509407,1.108109909500529,0.3058117130556137,"[0.8041048859232299, 0.7984795039880642]","[0.3076154327758063, 0.1445200235402566, 0.0]","[0.3076154327758063, 0.048173341180085524, 0.0]","[4, 5, 6]",0.6244757644980845,0.1723403081820216,72718,0.8871950491881304,0.38656114371034095,0.5432117591383884,"[0.39093169304013853, 0.3125798442774614, 0.0]","[0.39093169304013853, 0.10419328142582046, 0.0]","[0.5017841364884685, 0.4992027558928255]",1.2467232964559882,48688,0.4932095687233887,0.3927846414086692,0.22135393531255806,"[0.0316418057222781, 0.024952700582418115, 0.0]","[0.0316418057222781, 0.008317566860806038, 0.0]","[0.10101235758422776, 0.09968977700795875]",0.2779484416172543
1522498476,"[1, 2, 3]",0.7620387315869166,0.3771079882482639,"[0.38650080954379096, 0.3829735196470997]","[0.4227930749739005, 0.33606532542692363, 0.0]","[0.4227930749739005, 0.11202177514230788, 0.0]",1.5022949008434079,0.7434365004425837,1.089756130116542,0.28923971285198974,"[0.800460698964378, 0.8006353295378335]","[0.30759870383976445, 0.1441618724663518, 0.0]","[0.30759870383976445, 0.048053957488783924, 0.0]","[4, 5, 6]",0.6149890829932538,0.16322850668713765,72803,0.8767525285551571,0.37740362190438137,0.5310367048970126,"[0.39156843286187115, 0.31105491940934205, 0.0]","[0.39156843286187115, 0.10368497313644734, 0.0]","[0.5011316326183868, 0.49712269239207674]",1.2336600571682257,48752,0.4760189664393304,0.3763708749181431,0.212399795545563,"[0.031224642112028977, 0.02501040601758243, 0.0]","[0.031224642112028977, 0.00833680200586081, 0.0]","[0.09990889175578671, 0.0993243961442761]",0.2686348436751744
667404928,"[1, 2, 3]",0.7739909677462609,0.38768844006935566,"[0.3837481355962094, 0.3895542222289646]","[0.4221283554684853, 0.3366231494224289, 0.0]","[0.4221283554684853, 0.11220771647414296, 0.0]",1.5202251330869552,0.761473628196041,1.1091784276671026,0.3044825819687583,"[0.8006564613613245, 0.8134152424848335]","[0.3065056351864254, 0.1442558031394103, 0.0]","[0.3065056351864254, 0.048085267713136766, 0.0]","[4, 5, 6]",0.62132154165816,0.1705601033323243,72902,0.8878843292152113,0.38763432748872517,0.5442286471290292,"[0.39060771334200534, 0.3117304501268087, 0.0]","[0.39060771334200534, 0.10391015004226957, 0.0]","[0.49772147141466644, 0.5034548234992184]",1.2465668105978434,48396,0.4885327282334661,0.3878240659021687,0.2172449810670061,"[0.03152064212648026, 0.024892699295620175, 0.0]","[0.03152064212648026, 0.00829756643187339, 0.0]","[0.09999495616980077, 0.10162715177474325]",0.27365832248910654
1485578608,"[1, 2, 3]",0.7859449682701244,0.398559421105275,"[0.38782155480694325, 0.3868395953322538]","[0.42521361995448437, 0.3387239594694165, 0.0]","[0.42521361995448437, 0.1129079864898055, 0.0]",1.5499104213228987,0.7859728418989979,1.0981676888085716,0.2949242467735968,"[0.8036995148449668, 0.8022717485956289]","[0.3075244548653412, 0.14408287348777582, 0.0]","[0.3075244548653412, 0.04802762449592527, 0.0]","[4, 5, 6]",0.6174225024111208,0.16581517405800378,73231,0.8996698727806416,0.3977320379450621,0.5607244451560697,"[0.3938367641723751, 0.31379748977197297, 0.0]","[0.3938367641723751, 0.10459916325732432, 0.0]","[0.5032870933842658, 0.5002546287589471]",1.2683586991004179,48577,0.5007770252391209,0.4006341043500093,0.2252483967429311,"[0.03137685578210736, 0.02492646969744266, 0.0]","[0.03137685578210736, 0.008308823232480885, 0.0]","[0.09996239076743288, 0.1003710970973387]",0.2815517222224811
1907185687,"[1, 2, 3]",0.7596067373204447,0.3740656694693809,"[0.38476060362247766, 0.38652359578982987]","[0.4230579176374561, 0.3375929239095271, 0.0]","[0.4230579176374561, 0.11253097463650903, 0.0]",1.4986613675375289,0.7380105259905457,1.1047360280882474,0.3007828860609454,"[0.8050253201905498, 0.8016451662328629]","[0.31070486536989783, 0.14373297011747055, 0.0]","[0.31070486536989783, 0.047910990039156845, 0.0]","[4, 5, 6]",0.6244566046764537,0.1700187691890853,72785,0.873094641322154,0.372850417482971,0.5248576630645885,"[0.39145995480574536, 0.31272864731050165, 0.0]","[0.39145995480574536, 0.10424288243683388, 0.0]","[0.4993574092928391, 0.5013587482439902]",1.2290462651808356,48837,0.4769803298732911,0.3770920915897116,0.21315286292595084,"[0.03159796283171017, 0.024864276599023735, 0.0]","[0.03159796283171017, 0.008288092199674578, 0.0]","[0.10011773843054464, 0.09959809919472766]",0.26961510235668473
329070047,"[1, 2, 3]",0.7658187973601813,0.38034374962274886,"[0.385467468033545, 0.38548454037864927]","[0.41977868647388805, 0.33520060337931407, 0.0]","[0.41977868647388805, 0.11173353445977136, 0.0]",1.4999085808040429,0.7449292909508407,1.0991881701970139,0.3039670059710928,"[0.7991641361279618, 0.7869337496153438]","[0.30458995675649664, 0.14269947666882318, 0.0]","[0.30458995675649664, 0.047566492222941056, 0.0]","[4, 5, 6]",0.6182622847491995,0.17097285132387968,72014,0.8794314904018137,0.3789595499019637,0.529064202829287,"[0.3883935919077819, 0.31031366670986793, 0.0]","[0.3883935919077819, 0.10343788890328931, 0.0]","[0.49986572368686444, 0.5012327662902321]",1.2277714614469368,48590,0.4838236289799615,0.3837794364538685,0.21586508812153662,"[0.03138509456610239, 0.024886936669445414, 0.0]","[0.03138509456610239, 0.008295645556481804, 0.0]","[0.10058805436720838, 0.09936665268206324]",0.27213711935708446
1810053652,"[1, 2, 3]",0.7922478535889536,0.4085945036244641,"[0.3832696745901125, 0.3841342470066487]","[0.4200000650009726, 0.3358456652070613, 0.0]","[0.4200000650009726, 0.11194855506902042, 0.0]",1.5608286945940026,0.8049829643859687,1.0913855257636622,0.2911278596766474,"[0.7994369902095945, 0.8019802697731446]","[0.304844364465829, 0.14569475294759474, 0.0]","[0.304844364465829, 0.04856491764919824, 0.0]","[4, 5, 6]",0.6144419383567395,0.1639028209433158,72933,0.902581139935905,0.4054748360082743,0.5705575051049442,"[0.3885866638579712, 0.31090861267529646, 0.0]","[0.3885866638579712, 0.10363620422509881, 0.0]","[0.49666414366003175, 0.4976600425527705]",1.270052781638212,48642,0.5164826858814321,0.41639174860698785,0.23442545928104364,"[0.03141340114299864, 0.024937052531764575, 0.0]","[0.03141340114299864, 0.008312350843921524, 0.0]","[0.10022106781087116, 0.09992749100307566]",0.29077591295580685
4623202,"[1, 2, 3]",0.7682894175382174,0.38341800298668244,"[0.38391032675372777, 0.3860740851789262]","[0.42090784252717556, 0.3382550066508048, 0.0]","[0.42090784252717556, 0.11275166888360161, 0.0]",1.51545882899938,0.7562959798213996,1.084529425605137,0.28465328486853914,"[0.7993939269805403, 0.800887080690921]","[0.3048594793241012, 0.14568820122448758, 0.0]","[0.3048594793241012, 0.04856273374149586, 0.0]","[4, 5, 6]",0.6108848511759724,0.16033717062738362,73092,0.8807857730217039,0.38195463729262674,0.5382651964432484,"[0.38952901620768593, 0.3134430465703135, 0.0]","[0.38952901620768593, 0.10448101552343783, 0.0]","[0.4972890058789851, 0.5007609865823255]",1.241237259221248,48667,0.4868370217194355,0.38707916853097324,0.21803078337816814,"[0.031378826319485804, 0.024811960080491417, 0.0]","[0.031378826319485804, 0.008270653360163804, 0.0]","[0.10023099495441923, 0.09916584598949044]",0.2742215697781454
1699330540,"[1, 2, 3]",0.797777390264064,0.41277046399121403,"[0.38642309546072495, 0.38325176625454066]","[0.4245604676155234, 0.3397496879947136, 0.0]","[0.4245604676155234, 0.11324989599823787, 0.0]",1.5837360828748654,0.8194259272646284,1.0986093234814314,0.296265236779229,"[0.8018125287357097, 0.8034617704193685]","[0.309283797446983, 0.14739449237521646, 0.0]","[0.309283797446983, 0.04913149745840548, 0.0]","[4, 5, 6]",0.6253065677748784,0.16862827795267893,73161,0.910455078931408,0.41109077694986784,0.5821067462358223,"[0.3928899743134749, 0.31421255707765255, 0.0]","[0.3928899743134749, 0.10473751902588418, 0.0]","[0.5004129660792332, 0.49805922465857994]",1.2892092776269497,49174,0.5174580132940966,0.4169491867756368,0.23731918102878435,"[0.03167049330204908, 0.025537130917063073, 0.0]","[0.03167049330204908, 0.008512376972354357, 0.0]","[0.10100238988951812, 0.0999033822274812]",0.2945268052478965
1093247044,"[1, 2, 3]",0.7519911686945854,0.3651963007372754,"[0.3852388478855496, 0.3887557005435536]","[0.4228697013450621, 0.3386319591459067, 0.0]","[0.4228697013450621, 0.11287731971530224, 0.0]",1.480481182854455,0.7189795223634862,1.1112188886785375,0.30773928620232843,"[0.8034082071939317, 0.8036321098592097]","[0.3069473588955423, 0.14373534121445702, 0.0]","[0.3069473588955423, 0.047911780404819006, 0.0]","[4, 5, 6]",0.6232978754152069,0.17261517530520748,73168,0.8646339565149188,0.36364545233975154,0.511952583879172,"[0.3914859518227989, 0.31382290755105224, 0.0]","[0.3914859518227989, 0.10460763585035074, 0.0]","[0.49914601776099227, 0.5033061145735132]",1.217261443253023,48459,0.46926960295399295,0.36908876731821827,0.20702693848431733,"[0.03138374952226324, 0.024809051594855157, 0.0]","[0.03138374952226324, 0.008269683864951718, 0.0]","[0.10014905644795079, 0.10022106559705567]",0.26321973960143574
1643755418,"[1, 2, 3]",0.7600674377176795,0.3755311538441932,"[0.38438615507126733, 0.38472403569798175]","[0.42079154521106693, 0.3367661576467592, 0.0]","[0.42079154521106693, 0.11225538588225306, 0.0]",1.4973748025397715,0.7398170996819454,1.082461654367766,0.2854238422335602,"[0.7981456446218413, 0.7946940174456674]","[0.30519916419211973, 0.14363347462249626, 0.0]","[0.30519916419211973, 0.04787782487416542, 0.0]","[4, 5, 6]",0.6095621981152789,0.16072955930066293,72900,0.8729702203353781,0.3746692213206832,0.5271331009238169,"[0.38957653211462584, 0.311497737819144, 0.0]","[0.38957653211462584, 0.10383257927304801, 0.0]","[0.4984565686241198, 0.4981065715560217]",1.2282073708575867,48651,0.4779880122184378,0.37768462982957546,0.2126839987581246,"[0.031215013096444963, 0.02526841982761835, 0.0]","[0.031215013096444963, 0.008422806609206116, 0.0]","[0.09968235769088268, 0.10108132387051]",0.2691674316821879
1697079833,"[1, 2, 3]",0.7671221096595647,0.38174179899364274,"[0.38479171482441943, 0.3861168748696268]","[0.42036536114782974, 0.3370750230788065, 0.0]","[0.42036536114782974, 0.11235834102626882, 0.0]",1.5077295061734166,0.7502891219467803,1.0643361379502523,0.27642032917692555,"[0.7901919908740753, 0.783079801776543]","[0.30157996517423047, 0.1406682124788174, 0.0]","[0.30157996517423047, 0.046889404159605796, 0.0]","[4, 5, 6]",0.5973997629919323,0.15515158533888443,72821,0.8801151652029988,0.38086991180551016,0.5347975358498565,"[0.38921605135826903, 0.3117979248732119, 0.0]","[0.38921605135826903, 0.10393264162440397, 0.0]","[0.49838216512277256, 0.500326846859097]",1.2358115120813373,48494,0.484453067442992,0.383922955306375,0.21549158609693927,"[0.03114930978956042, 0.025277098205593474, 0.0]","[0.03114930978956042, 0.008425699401864491, 0.0]","[0.10000097266550126, 0.10118993057080586]",0.27191799409209316
1484221182,"[1, 2, 3]",0.7659302127817013,0.38118296959869524,"[0.38610056033632484, 0.3830587573584687]","[0.42140748383049303, 0.3350961014509047, 0.0]","[0.42140748383049303, 0.1116987004836349, 0.0]",1.5059989702618712,0.7494953849804735,1.0823203778581103,0.2876450662767313,"[0.795907667951889, 0.792072167384656]","[0.3031766486585119, 0.14283541491232565, 0.0]","[0.3031766486585119, 0.04761180497077522, 0.0]","[4, 5, 6]",0.6074530542702414,0.16144099069940385,72891,0.8774796385785958,0.3790525912760897,0.5325630332756238,"[0.3901863625163309, 0.3100959367931459, 0.0]","[0.3901863625163309, 0.10336531226438196, 0.0]","[0.50000866986792, 0.4964510889082664]",1.2328453325851008,48487,0.48668740121623894,0.38651596731029647,0.21693235170486352,"[0.031221121314157555, 0.02500016465775971, 0.0]","[0.031221121314157555, 0.008333388219253236, 0.0]","[0.10036180267372313, 0.09993470613275601]",0.2731536376767808
185616619,"[1, 2, 3]",0.7712788588926003,0.38524866282547365,"[0.38471517617660883, 0.38769159021512867]","[0.4233310209738503, 0.33766558641387134, 0.0]","[0.4233310209738503, 0.11255519547129045, 0.0]",1.5204525473574073,0.7594559399696859,1.0944976762028762,0.29618132248067186,"[0.7944640304534343, 0.8065247142264269]","[0.30507919184477433, 0.14535244111775264, 0.0]","[0.30507919184477433, 0.04845081370591754, 0.0]","[4, 5, 6]",0.617545128904254,0.16711349594172695,72825,0.8864892340936781,0.3855878167570747,0.542565474488456,"[0.391836114611587, 0.3129885799414416, 0.0]","[0.391836114611587, 0.10432952664714719, 0.0]","[0.5002806689383659, 0.5016807183932632]",1.2473901690414846,48749,0.48395837735051794,0.38440285470470364,0.2168904654812419,"[0.031494906362260225, 0.024677006472430724, 0.0]","[0.031494906362260225, 0.008225668824143575, 0.0]","[0.09930834939360388, 0.09987277926394328]",0.2730623783159329
1754127114,"[1, 2, 3]",0.7888624757749532,0.4010292373064486,"[0.38716518806513595, 0.38867511374421343]","[0.4254733575604293, 0.3389411348452424, 0.0]","[0.4254733575604293, 0.11298037828174746, 0.0]",1.554838134499817,0.7904236420941454,1.0990145056187859,0.29660808298769487,"[0.801277365939335, 0.8048440984344772]","[0.30709508521231293, 0.1428701686253266, 0.0]","[0.30709508521231293, 0.04762338954177553, 0.0]","[4, 5, 6]",0.6162940961644836,0.1663288423268441,73387,0.9032807945363821,0.40111313225075385,0.5656568846829543,"[0.3938529260823624, 0.31431285707986784, 0.0]","[0.3938529260823624, 0.10477095235995594, 0.0]","[0.501820336727438, 0.5026035613897712]",1.2738226678451847,48447,0.5011245054573205,0.4008182591934069,0.2247667574112136,"[0.03162043147806177, 0.02462827776537514, 0.0]","[0.03162043147806177, 0.008209425921791712, 0.0]","[0.10067097336155025, 0.09984182720701922]",0.28101546665465055
1191255230,"[1, 2, 3]",0.800799333033807,0.4139676744281003,"[0.38678519107741827, 0.386889741789817]","[0.42413776420820654, 0.3394090947060197, 0.0]","[0.42413776420820654, 0.11313636490200657, 0.0]",1.5806560858086662,0.8171092268944402,1.1085638026794367,0.30663117110040794,"[0.799709689913042, 0.8067224751958055]","[0.3100246941369381, 0.1451425729864487, 0.0]","[0.3100246941369381, 0.048380857662149564, 0.0]","[4, 5, 6]",0.6292074129767884,0.17404014585340155,72453,0.9160794249788511,0.41338908733740054,0.5813325354641905,"[0.3926895623869183, 0.31422374879089104, 0.0]","[0.3926895623869183, 0.10474124959696368, 0.0]","[0.502682100227349, 0.5027006324259964]",1.2882458466419997,49034,0.5151805271006116,0.415401186070785,0.23577669143024463,"[0.031448201821286166, 0.025185345915127243, 0.0]","[0.031448201821286166, 0.008395115305042413, 0.0]","[0.09971425560793463, 0.099860730666547]",0.29241023916665804
1543038346,"[1, 2, 3]",0.793448751897902,0.4058843304299171,"[0.3876547486325802, 0.38745121673299693]","[0.4258739897411091, 0.33963060795964906, 0.0]","[0.4258739897411091, 0.11321020265321635, 0.0]",1.5671940817404106,0.8016894840396526,1.0976338303597055,0.3018698471549492,"[0.7949267247929381, 0.797560284052043]","[0.3060200131366724, 0.1431089172022943, 0.0]","[0.3060200131366724, 0.047702972400764765, 0.0]","[4, 5, 6]",0.6195041727673543,0.17037524242838759,73126,0.9072472732669362,0.4044972617186783,0.5706516697392144,"[0.3944954870344956, 0.31476798815548956, 0.0]","[0.3944954870344956, 0.10492266271849651, 0.0]","[0.5024962127679006, 0.5030684571877628]",1.2799151449291997,48764,0.5089991216445864,0.40935143331753304,0.2310378143004243,"[0.03137850270661523, 0.024862619804158752, 0.0]","[0.03137850270661523, 0.008287539934719583, 0.0]","[0.10008473562687147, 0.09910152034137908]",0.28727893681119826
973487142,"[1, 2, 3]",0.7611558802460092,0.37624421149562315,"[0.3861222512858322, 0.38340491434854634]","[0.4215532120206562, 0.3363079886334977, 0.0]","[0.4215532120206562, 0.11210266287783256, 0.0]",1.4986568507027922,0.7407956500486382,1.1065401859683193,0.3040546557202174,"[0.8090276858293617, 0.7887262647057289]","[0.3075381044751512, 0.14255664576474122, 0.0]","[0.3075381044751512, 0.04751888192158041, 0.0]","[4, 5, 6]",0.6206316623302042,0.17053691209031172,73190,0.8734053314927663,0.37498893770013036,0.5280018759067916,"[0.3903860949314418, 0.3114073833488603, 0.0]","[0.3903860949314418, 0.10380246111628677, 0.0]","[0.5008435113351071, 0.49540674301169096]",1.2297953541870936,48456,0.4793600913578875,0.3793955041348607,0.21279377414185105,"[0.031167117089213388, 0.02490060528463639, 0.0]","[0.031167117089213388, 0.008300201761545462, 0.0]","[0.09979744302378622, 0.10017458571614492]",0.26886149651570085
1378897034,"[1, 2, 3]",0.7822015930753472,0.39642533655942863,"[0.3862339003666148, 0.3852035342964378]","[0.42299433964972055, 0.3370994375717918, 0.0]","[0.42299433964972055, 0.11236647919059725, 0.0]",1.5411694042523112,0.781075627030799,1.0958770998778853,0.30004653746181903,"[0.7968815735162965, 0.7935854667421622]","[0.30585862221256005, 0.14259132309592595, 0.0]","[0.30585862221256005, 0.04753044103197532, 0.0]","[4, 5, 6]",0.6175259517717896,0.1690760064633036,72850,0.8982791084771187,0.39785601433022455,0.5597029112512696,"[0.39196506974759154, 0.31202896971138905, 0.0]","[0.39196506974759154, 0.10400965657046302, 0.0]","[0.501038430868446, 0.499652257953167]",1.2636969507102502,48679,0.492409601266536,0.3928535943542492,0.22137271577954243,"[0.031029269902124717, 0.025070467860402998, 0.0]","[0.031029269902124717, 0.008356822620134333, 0.0]","[0.09917585035016428, 0.10003057490272818]",0.2774724535420701
1057914763,"[1, 2, 3]",0.7622853359387806,0.37806543650179547,"[0.3835653439759285, 0.385042537955151]","[0.4220026270522885, 0.3370714080036701, 0.0]","[0.4220026270522885, 0.11235713600122335, 0.0]",1.505989165743189,0.7469151306872304,1.0853267255764858,0.28463946234329723,"[0.8005456243125333, 0.8009914945491394]","[0.30903954230830216, 0.1439575878414744, 0.0]","[0.30903954230830216, 0.047985862613824794, 0.0]","[4, 5, 6]",0.6140348604718797,0.16103773032210317,72925,0.875291252815749,0.3769047088028493,0.5313842180451619,"[0.39059899840567097, 0.31205803343590977, 0.0]","[0.39059899840567097, 0.10401934447863659, 0.0]","[0.49740870248637287, 0.4996159268049651]",1.2340412498867426,48878,0.4806768475930119,0.3809579467500738,0.21553091264207544,"[0.031403628646621565, 0.02501337456775996, 0.0]","[0.031403628646621565, 0.008337791522586652, 0.0]","[0.09971216568693514, 0.09972735794108242]",0.27194791585645695
2060384738,"[1, 2, 3]",0.7797056521261831,0.39384262502477696,"[0.38485889429387704, 0.3871205307744965]","[0.42175258940894866, 0.3387539195916649, 0.0]","[0.42175258940894866, 0.11291797319722163, 0.0]",1.5367401950918076,0.776233686091194,1.0994669683883984,0.29493889919676114,"[0.8030572516149372, 0.8077166943109816]","[0.3091240883270556, 0.1434170376606472, 0.0]","[0.3091240883270556, 0.04780567922021573, 0.0]","[4, 5, 6]",0.6184420891128105,0.16590096312510763,73084,0.8929317438218594,0.39301785118546984,0.5535384671657853,"[0.39016144331553276, 0.31393270663248013, 0.0]","[0.39016144331553276, 0.10464423554416004, 0.0]","[0.49917979209901664, 0.5008292612681923]",1.2576326171137981,48596,0.49619773300670755,0.39590778431290785,0.2226952189253986,"[0.031591146093422534, 0.024821212959186656, 0.0]","[0.031591146093422534, 0.008273737653062219, 0.0]","[0.10052618913036768, 0.09999087530702264]",0.2791075779780078
1115535947,"[1, 2, 3]",0.7646497086978702,0.37893125753307155,"[0.3861870595264583, 0.3851298420627403]","[0.42322987790205113, 0.33602286745214294, 0.0]","[0.42322987790205113, 0.11200762248404764, 0.0]",1.5051454987697663,0.7458927534155724,1.0893889531957905,0.29117377739285005,"[0.801145220877717, 0.7919847258546036]","[0.3079230584244786, 0.14315372762434925, 0.0]","[0.3079230584244786, 0.047717909208116416, 0.0]","[4, 5, 6]",0.6156210538973368,0.1645442678485089,72420,0.8791949908406689,0.37832004882007664,0.5308984286661713,"[0.39173419238660695, 0.3111461347499988, 0.0]","[0.39173419238660695, 0.1037153782499996, 0.0]","[0.5014471869482772, 0.500156338071886]",1.233778755802777,48825,0.4802043890172972,0.3804490455598397,0.21499432474939975,"[0.03149568551544307, 0.0248767327021424, 0.0]","[0.03149568551544307, 0.008292244234047466, 0.0]","[0.10007777481963705, 0.09935009102290879]",0.2713667429669852
2080831483,"[1, 2, 3]",0.767925502427807,0.3837807038169741,"[0.38416401491081575, 0.3841207326207118]","[0.421091981112464, 0.33619718587133884, 0.0]","[0.421091981112464, 0.11206572862377961, 0.0]",1.5138605706550696,0.7565714036712666,1.0906509187778317,0.29437775872891986,"[0.7980589334608748, 0.7925190690139486]","[0.30508325975266276, 0.14411682576485385, 0.0]","[0.30508325975266276, 0.04803894192161795, 0.0]","[4, 5, 6]",0.6152668588687157,0.16606677335119904,72842,0.881645936524821,0.383290429108811,0.5393799823725445,"[0.3900606447044335, 0.31124302580542534, 0.0]","[0.3900606447044335, 0.10374767526847511, 0.0]","[0.4990017759918961, 0.49754794074553566]",1.2406836528824035,48739,0.4842462291979383,0.38500370981404686,0.21719142129870075,"[0.03103133640803475, 0.024954160065913295, 0.0]","[0.03103133640803475, 0.00831805335530443, 0.0]","[0.09868647986423752, 0.09994277553215943]",0.2731769177726488
1700048632,"[1, 2, 3]",0.7500893195511801,0.3674125865254352,"[0.38216743218984317, 0.38331647545738406]","[0.4181648077086742, 0.33390315636384843, 0.0]","[0.4181648077086742, 0.1113010521212828, 0.0]",1.474137565059249,0.7220696009867262,1.1148724137553776,0.3115572754694021,"[0.8053458314880425, 0.7989908993098216]","[0.30793137773802065, 0.14346566993618842, 0.0]","[0.30793137773802065, 0.04782188997872947, 0.0]","[4, 5, 6]",0.6264666157995924,0.17506956812538338,72697,0.8621834109405323,0.36616058474766916,0.5138569258734464,"[0.38685379358813926, 0.30924724854388397, 0.0]","[0.38685379358813926, 0.10308241618129466, 0.0]","[0.49530680243698083, 0.4969214582465669]",1.2099579680054695,48547,0.47013925020785335,0.3705394059693393,0.20821267511327693,"[0.03131101412053904, 0.02465590781996489, 0.0]","[0.03131101412053904, 0.008218635939988296, 0.0]","[0.09998600821882125, 0.09911372538092929]",0.26417959705378086
187404830,"[1, 2, 3]",0.7525158533266366,0.36893717110001234,"[0.3824695914106492, 0.3849770844395962]","[0.42052641956973824, 0.3357115314969837, 0.0]","[0.42052641956973824, 0.11190384383232789, 0.0]",1.4836096827944663,0.7273717317277445,1.1037729934716325,0.2990295090699293,"[0.8044988978273647, 0.8052675625351671]","[0.3102518646079284, 0.14493248109047066, 0.0]","[0.3102518646079284, 0.048310827030156885, 0.0]","[4, 5, 6]",0.624323399407799,0.16913905370939988,72594,0.8653501671010976,0.3677879959566006,0.5170754102640994,"[0.3891441645906541, 0.3103815583935073, 0.0]","[0.3891441645906541, 0.10346051946450242, 0.0]","[0.49651027063102976, 0.49888731646194256]",1.216601133248261,48866,0.4720579531292148,0.3717935295684235,0.21029632146362873,"[0.03138225497908564, 0.02532997310347742, 0.0]","[0.03138225497908564, 0.008443324367825807, 0.0]","[0.09939134407979426, 0.10136762265670732]",0.2670085495461918
1631003474,"[1, 2, 3]",0.7756381141389623,0.390105456219833,"[0.3840883712583505, 0.3873533690943546]","[0.42322053707888035, 0.33857528713661117, 0.0]","[0.42322053707888035, 0.11285842904553706, 0.0]",1.5326272997017671,0.7708314754862756,1.1007488712009008,0.3003189538976892,"[0.8034180892770558, 0.7940825632090622]","[0.3084817979787631, 0.14353785732759, 0.0]","[0.3084817979787631, 0.047845952442529996, 0.0]","[4, 5, 6]",0.6216161022759563,0.16959644696960322,73136,0.8888072251831303,0.3891149201837606,0.5491328173744378,"[0.39159325658068533, 0.3135902998222553, 0.0]","[0.39159325658068533, 0.10453009994075176, 0.0]","[0.497819901879444, 0.5020503220184238]",1.2543163737773784,48790,0.4928289927376618,0.3925808015106033,0.22169865811186704,"[0.03162728049818588, 0.02498498731435623, 0.0]","[0.03162728049818588, 0.008328329104785408, 0.0]","[0.10031905807306053, 0.10015862779204536]",0.27831092592440915
1722744424,"[1, 2, 3]",0.779655697482175,0.3943480623894747,"[0.3839094609379339, 0.3870744724601271]","[0.42426384931157435, 0.33850605218691243, 0.0]","[0.42426384931157435, 0.1128353507289708, 0.0]",1.5434365826364578,0.780666681137971,1.1142023295928907,0.3087803824096159,"[0.8070233361912319, 0.8020109466242303]","[0.3112266597281537, 0.1452064965236729, 0.0]","[0.3112266597281537, 0.04840216550789096, 0.0]","[4, 5, 6]",0.6314192055204797,0.17498604926865305,73115,0.8931920487749542,0.39329906062693754,0.5557071959115256,"[0.3929215721566331, 0.31339623662925803, 0.0]","[0.3929215721566331, 0.10446541220975267, 0.0]","[0.49854566360005304, 0.5015925243926417]",1.2620250046974166,48963,0.4965788702223634,0.39696350746361475,0.22495948522642356,"[0.03134227715493942, 0.025109815557652244, 0.0]","[0.03134227715493942, 0.008369938519217414, 0.0]","[0.09887816067586926, 0.10055111328914448]",0.2814115779390152
1268722208,"[1, 2, 3]",0.7806856047649756,0.3955818858835246,"[0.3845358810644097, 0.3858155953625569]","[0.4228564163290536, 0.33841959457969306, 0.0]","[0.4228564163290536, 0.11280653152656435, 0.0]",1.543265343413408,0.7819893325046614,1.1023372161795413,0.30591633423387915,"[0.7979946501211801, 0.7930800863810297]","[0.3075053610604114, 0.14396622452661736, 0.0]","[0.3075053610604114, 0.04798874150887245, 0.0]","[4, 5, 6]",0.6248880988960858,0.17341651330905705,72840,0.8946981986010963,0.3948864954942004,0.5567631502817318,"[0.3912640419743518, 0.3134365277962343, 0.0]","[0.3912640419743518, 0.10447884259874476, 0.0]","[0.4986970352336623, 0.5012101593842714]",1.261463720052318,48978,0.49711367132692874,0.3973114597012924,0.22522618222292878,"[0.03159237435469996, 0.02498306678345996, 0.0]","[0.03159237435469996, 0.008327688927819986, 0.0]","[0.10026735233240797, 0.09922016035188569]",0.2818016233610887
1752463130,"[1, 2, 3]",0.7644445867782121,0.37898538100914286,"[0.38469557907931645, 0.3864168121469906]","[0.4211060142627034, 0.337306205621353, 0.0]","[0.4211060142627034, 0.11243540187378433, 0.0]",1.5040868329504988,0.7456746130664423,1.09901645836651,0.29276390432985766,"[0.8032702808874784, 0.8127087159780908]","[0.3076835435303422, 0.1437972198804622, 0.0]","[0.3076835435303422, 0.04793240662682073, 0.0]","[4, 5, 6]",0.615421045353729,0.1639402819429246,73232,0.8778462165186441,0.3788783490485373,0.5333018581934191,"[0.390094183173238, 0.31224336545909653, 0.0]","[0.390094183173238, 0.10408112181969884, 0.0]","[0.4973304958144958, 0.5010286920694886]",1.2356394068257535,48381,0.47939234731181957,0.37925442211670835,0.2123727548730233,"[0.03101183108946149, 0.025062840162255955, 0.0]","[0.03101183108946149, 0.008354280054085318, 0.0]","[0.09995071123783081, 0.1003705498615067]",0.2684474261247407
928721703,"[1, 2, 3]",0.7960020982430184,0.40798414582362563,"[0.38758077189765044, 0.3885674532162931]","[0.42515838433384123, 0.3391153300934718, 0.0]","[0.42515838433384123, 0.11303844336449059, 0.0]",1.56787457003683,0.803600855609517,1.109577964918913,0.3050433079128268,"[0.8013950067586328, 0.8112779823332852]","[0.30720462074046617, 0.14479646514818045, 0.0]","[0.30720462074046617, 0.04826548838272682, 0.0]","[4, 5, 6]",0.6233795407743005,0.1713784548856538,73096,0.9096246746731108,0.4065368097041541,0.5723508480174488,"[0.39371474026748704, 0.3145674109891543, 0.0]","[0.39371474026748704, 0.10485580366305143, 0.0]","[0.5030401062664068, 0.5031476528698438]",1.2806329992740904,48539,0.5112726624475952,0.41161105879859883,0.2312500075920717,"[0.03144364406635137, 0.02454791910431943, 0.0]","[0.03144364406635137, 0.00818263970143981, 0.0]","[0.10004863217034422, 0.09917020808927687]",0.2872415707627425
1682143308,"[1, 2, 3]",0.7719252056734458,0.38587148186786724,"[0.3854627993337296, 0.38679551795657463]","[0.42362973986165653, 0.338636661636943, 0.0]","[0.42362973986165653, 0.11287888721231433, 0.0]",1.5241729647221214,0.761906563223522,1.1050775455886384,0.3058333657478303,"[0.8000407871556359, 0.7975582821847118]","[0.3077350440786638, 0.14495738284122378, 0.0]","[0.3077350440786638, 0.048319127613741256, 0.0]","[4, 5, 6]",0.625916645582373,0.1732242186624854,72722,0.8861067458116481,0.38510366753019576,0.5422675376936487,"[0.3918822031748004, 0.3135842167608637, 0.0]","[0.3918822031748004, 0.10452807225362122, 0.0]","[0.5006494203065107, 0.501445743125601]",1.2477339576293127,48936,0.48806265437925345,0.3877803170136436,0.21963902552988812,"[0.0317475366868508, 0.025052444876078966, 0.0]","[0.0317475366868508, 0.008350814958692988, 0.0]","[0.10038170864213963, 0.1001566920862993]",0.27643900709281793
895296665,"[1, 2, 3]",0.7644896387304346,0.38140742026590846,"[0.3826309711286738, 0.3836489128318291]","[0.42025926425334154, 0.3355342845958973, 0.0]","[0.42025926425334154, 0.11184476153196576, 0.0]",1.5082828418152021,0.7524892929659633,1.0875161221942171,0.28869138045263515,"[0.7999140427327562, 0.7965036819155069]","[0.3063867231724297, 0.1431778948394804, 0.0]","[0.3063867231724297, 0.04772596494649346, 0.0]","[4, 5, 6]",0.6120350866826278,0.1624704686707178,73207,0.8778426595253228,0.38165097104131956,0.538183297778053,"[0.38876371546037314, 0.3109386290922099, 0.0]","[0.38876371546037314, 0.10364620969740329, 0.0]","[0.4959588363788644, 0.496483129100044]",1.237885642330636,48621,0.4804647972545053,0.38079716330146646,0.21430599518789473,"[0.031495548792965754, 0.024595655503688075, 0.0]","[0.031495548792965754, 0.008198551834562692, 0.0]","[0.10015180875212736, 0.09905442562204715]",0.27039719948454854
1951745880,"[1, 2, 3]",0.7655919957564282,0.37922829639821054,"[0.38574773470265084, 0.38713658756260566]","[0.4212770529900742, 0.3369517765553255, 0.0]","[0.4212770529900742, 0.11231725885177515, 0.0]",1.5024546141782262,0.7442257846328266,1.1133223098804557,0.3089053917326549,"[0.8067837604570063, 0.7993843521236024]","[0.30864107555097664, 0.1438242312579129, 0.0]","[0.30864107555097664, 0.0479414104193043, 0.0]","[4, 5, 6]",0.626217212931226,0.17375190612233646,72362,0.8814810893052761,0.37993553629675547,0.5319090585315184,"[0.3896544384253494, 0.31250842191594114, 0.0]","[0.3896544384253494, 0.10416947397198037, 0.0]","[0.5005826760744054, 0.5027513275090792]",1.2340719188728089,48598,0.47714504823453,0.3774679824320376,0.21231672610130736,"[0.03162261456471816, 0.02444335463938552, 0.0]","[0.03162261456471816, 0.008147784879795172, 0.0]","[0.10080421540599517, 0.09825572669142237]",0.2683826953054111
1618805836,"[1, 2, 3]",0.7761266499742332,0.3918542145319834,"[0.3848861490631376, 0.3835073284042737]","[0.4216643625647284, 0.33701703065694594, 0.0]","[0.4216643625647284, 0.11233901021898197, 0.0]",1.5323317360540016,0.7736503428323274,1.1118269577067397,0.30985987780293733,"[0.8000170233939363, 0.8061478255709977]","[0.3070752142753288, 0.1443290225900844, 0.0]","[0.3070752142753288, 0.0481096741966948, 0.0]","[4, 5, 6]",0.6258154629367166,0.1744112260713034,73315,0.889486823669603,0.391726611004479,0.5529067521093727,"[0.39064577256884103, 0.31192325078198135, 0.0]","[0.39064577256884103, 0.10397441692732712, 0.0]","[0.4976239941106966, 0.4979309149861198]",1.255475775460195,48630,0.49186371801287737,0.39217419421865213,0.22074359072296834,"[0.0310185899958875, 0.025093779874963792, 0.0]","[0.0310185899958875, 0.008364593291654596, 0.0]","[0.09988786867025766, 0.09944543431763828]",0.2768559605938196
749732700,"[1, 2, 3]",0.7829824481827142,0.39614288952230997,"[0.38800207118337166, 0.3853906905435406]","[0.4253019391406392, 0.33894819300570833, 0.0]","[0.4253019391406392, 0.11298273100190277, 0.0]",1.5468801628357345,0.7826300306893872,1.1075386889796264,0.3063739189039399,"[0.80271957971258, 0.7978291114923001]","[0.30919689298928543, 0.14324411052131208, 0.0]","[0.30919689298928543, 0.04774803684043736, 0.0]","[4, 5, 6]",0.6254592495641251,0.1730182460535276,73102,0.8971277161325854,0.39536008752552193,0.5578121882843828,"[0.39414914549624597, 0.31379307668242423, 0.0]","[0.39414914549624597, 0.10459769222747474, 0.0]","[0.5028617568909832, 0.5004000439878548]",1.265754410463053,48788,0.4978064477233532,0.39809861091665383,0.22481784240499006,"[0.03115279364439085, 0.025155116323283103, 0.0]","[0.03115279364439085, 0.0083850387744277, 0.0]","[0.09974606281886471, 0.0996605372441824]",0.281125752372664
1647906072,"[1, 2, 3]",0.7643221309971211,0.3800818961872424,"[0.3839369955457189, 0.38461834238913284]","[0.4202725688657848, 0.3376533986757809, 0.0]","[0.4202725688657848, 0.11255113289192697, 0.0]",1.5076494811535308,0.749723513611965,1.0977485318186253,0.2967132884936166,"[0.7964810451627398, 0.8107350561202094]","[0.3069212572646136, 0.1466827512531264, 0.0]","[0.3069212572646136, 0.0488942504177088, 0.0]","[4, 5, 6]",0.6216245022010336,0.16802049368329358,72575,0.8791733375319397,0.38050761873532574,0.5350923693446159,"[0.3889081046907598, 0.3123451891819704, 0.0]","[0.3889081046907598, 0.10411506306065679, 0.0]","[0.49857135585459306, 0.49878326218152214]",1.236345663217346,48926,0.4791049367612479,0.3790246727209373,0.21463114426737492,"[0.03136446417502894, 0.02530820949381188, 0.0]","[0.03136446417502894, 0.008436069831270626, 0.0]","[0.09969810266552546, 0.10055796136512245]",0.2713038179362157
91562204,"[1, 2, 3]",0.7738895753699129,0.3869080064218646,"[0.38694410289518266, 0.3870281800479532]","[0.4227669550085969, 0.3398943767599688, 0.0]","[0.4227669550085969, 0.11329812558665626, 0.0]",1.5251776868801297,0.7625163551115638,1.1121519367310249,0.30818516577830946,"[0.8052406134511125, 0.8012559684752888]","[0.3079270430141746, 0.1439830264824043, 0.0]","[0.3079270430141746, 0.04799434216080143, 0.0]","[4, 5, 6]",0.6251410844048825,0.1732310149083036,73142,0.8877180164285464,0.38630804211170355,0.5441900309967268,"[0.39157969513389856, 0.3147537996957294, 0.0]","[0.39157969513389856, 0.1049179332319098, 0.0]","[0.500855118694881, 0.5021019789299456]",1.2505235258263547,48563,0.4886211525162952,0.3884115926164724,0.2183263241148438,"[0.031187259874699298, 0.025140577064240485, 0.0]","[0.031187259874699298, 0.008380192354746827, 0.0]","[0.1003591254962575, 0.10002463993053523]",0.2746541610537836
1972920090,"[1, 2, 3]",0.7703898843262633,0.3840947098589264,"[0.38602834489136634, 0.38662949144421377]","[0.42227268040158555, 0.3375548120432715, 0.0]","[0.42227268040158555, 0.1125182706810905, 0.0]",1.5153267571091633,0.7554992646643064,1.0725383584817507,0.2806125772672235,"[0.7898344282607997, 0.7964179442157338]","[0.30177746237763126, 0.1416653392745581, 0.0]","[0.30177746237763126, 0.04722177975818603, 0.0]","[4, 5, 6]",0.600573217650744,0.15713041599855468,73182,0.8827161996260683,0.38264842104376756,0.538388574150503,"[0.39105114504379057, 0.31254715429099106, 0.0]","[0.39105114504379057, 0.10418238476366368, 0.0]","[0.49992370530763536, 0.5002481564324861]",1.2419868734852846,48378,0.4881461601573274,0.3877288176841832,0.21711069051379828,"[0.031221535357796763, 0.025007657752277965, 0.0]","[0.031221535357796763, 0.008335885917425987, 0.0]","[0.10017539609307013, 0.10072105279789609]",0.273339883623873
1309261914,"[1, 2, 3]",0.7462023341459426,0.3622706237038855,"[0.3828718341751148, 0.38526669310068606]","[0.4176839934066447, 0.3336840300094201, 0.0]","[0.4176839934066447, 0.11122801000314003, 0.0]",1.4603445290573556,0.7089765056412907,1.0850111885864435,0.28997604002422445,"[0.7919144813628138, 0.80177740638511]","[0.30273850303605676, 0.14186827516964626, 0.0]","[0.30273850303605676, 0.04728942505654875, 0.0]","[4, 5, 6]",0.6067698135698292,0.16216303536412616,72454,0.859666569521133,0.36196482357568127,0.5059567870278826,"[0.38654603668633986, 0.3091447041684201, 0.0]","[0.38654603668633986, 0.10304823472280669, 0.0]","[0.4968165716026085, 0.49881299118380373]",1.2016475278826426,48318,0.4625957561681125,0.36303497845952665,0.20301971861340323,"[0.031137956720305438, 0.024539325841000513, 0.0]","[0.031137956720305438, 0.008179775280333503, 0.0]","[0.09952107662597895, 0.09961120004197142]",0.2586970011747092
57351124,"[1, 2, 3]",0.7713070755888736,0.3852610801878353,"[0.3868946267656156, 0.3849872469013056]","[0.4233956955243889, 0.33769634051171366, 0.0]","[0.4233956955243889, 0.11256544683723788, 0.0]",1.520636606938907,0.7595445709028046,1.1000957164499587,0.29820797710265107,"[0.7995059521444955, 0.8070107821878201]","[0.3070052048599427, 0.14407158836047132, 0.0]","[0.3070052048599427, 0.04802386278682377, 0.0]","[4, 5, 6]",0.6188243362040466,0.16774754298363265,73137,0.8844074229778576,0.3839059778005418,0.540918713274398,"[0.3922914690562594, 0.31290879708272823, 0.0]","[0.3922914690562594, 0.1043029323609094, 0.0]","[0.5012933889896155, 0.49951211897189063]",1.2461189794133856,48603,0.48801517403681843,0.38865531849883944,0.21862585762841388,"[0.031104226468125742, 0.02478754342898638, 0.0]","[0.031104226468125742, 0.008262514476328793, 0.0]","[0.09976175962963878, 0.09886009121351332]",0.274517627525526
1549081684,"[1, 2, 3]",0.7768387536560097,0.3911611994060348,"[0.38628576312144036, 0.38491708338384395]","[0.4254533930214463, 0.33906319148192493, 0.0]","[0.4254533930214463, 0.11302106382730831, 0.0]",1.539903227736222,0.7753866432328507,1.1023250219393559,0.30442297685985287,"[0.8000836691612249, 0.7932617719256208]","[0.3082100010423573, 0.14366938052169761, 0.0]","[0.3082100010423573, 0.047889793507232534, 0.0]","[4, 5, 6]",0.6242845876487344,0.17240520608467946,73405,0.8898507871521372,0.39007906513941293,0.5523263661849587,"[0.39373973255889694, 0.31390423967691794, 0.0]","[0.39373973255889694, 0.10463474655897265, 0.0]","[0.5005430720538819, 0.49880754864780785]",1.2599703384207734,48931,0.4942890381426786,0.3938667230544499,0.2230602770478822,"[0.03171366046255222, 0.025158951805007407, 0.0]","[0.03171366046255222, 0.008386317268335802, 0.0]","[0.1007517233992675, 0.10001014170764393]",0.2799328893154418
1907140308,"[1, 2, 3]",0.7763493931470522,0.39091006642593473,"[0.38594324049321316, 0.3848071788385423]","[0.4228600377050631, 0.3360887001409553, 0.0]","[0.4228600377050631, 0.11202956671365177, 0.0]",1.5286696276397265,0.7697208897937082,1.1173533439663452,0.3131427228710624,"[0.8017565378819598, 0.8095237528034189]","[0.3085433170466461, 0.14389375079401057, 0.0]","[0.3085433170466461, 0.04796458359800352, 0.0]","[4, 5, 6]",0.628606558313771,0.17616949047311434,72903,0.8909782291748998,0.39142945390551515,0.5505311349602852,"[0.39147310413040487, 0.31112388103019456, 0.0]","[0.39147310413040487, 0.10370796034339819, 0.0]","[0.5001780667216126, 0.4987592124276256]",1.2531281201208846,48602,0.48977730307741185,0.38961159772696996,0.21918975483341538,"[0.03138693357465614, 0.02496481911075858, 0.0]","[0.03138693357465614, 0.008321606370252858, 0.0]","[0.10028224062511863, 0.10001957553121543]",0.27554150751883005
862871913,"[1, 2, 3]",0.7491954683427569,0.36536893101341034,"[0.3836598522960306, 0.38403620013100065]","[0.42114577333434905, 0.3351455647522736, 0.0]","[0.42114577333434905, 0.11171518825075785, 0.0]",1.4762138313411914,0.7199224932545689,1.092858615743067,0.2956500689994769,"[0.796388961658756, 0.7989572935943761]","[0.30582887767061206, 0.1437950465521243, 0.0]","[0.30582887767061206, 0.04793168218404143, 0.0]","[4, 5, 6]",0.6163699341134493,0.16674600989071292,72783,0.8610967326816314,0.3633385898587671,0.5109997198940034,"[0.38974715885232636, 0.3103003413493801, 0.0]","[0.38974715885232636, 0.10343344711646003, 0.0]","[0.49761884039418186, 0.4979332216711416]",1.2110472200957099,48729,0.47015533962381595,0.3704318466156736,0.20892277336056175,"[0.03139861448202718, 0.024845223402893395, 0.0]","[0.03139861448202718, 0.008281741134297797, 0.0]","[0.0998423731969357, 0.09957366029593809]",0.2651666112454823
1995990198,"[1, 2, 3]",0.7698935916038923,0.38566146774311977,"[0.3845225913190502, 0.3838681449118669]","[0.4205628926308191, 0.33505212953987484, 0.0]","[0.4205628926308191, 0.11168404317995828, 0.0]",1.5140409329742726,0.7584259108035787,1.1161037673465681,0.31132560769301154,"[0.8047959390317513, 0.804740341961931]","[0.3075406789334751, 0.14457530517357342, 0.0]","[0.3075406789334751, 0.04819176839119114, 0.0]","[4, 5, 6]",0.6270154664195948,0.17489948231254634,72828,0.8823192461977629,0.38435920512672617,0.5399359386158334,"[0.38922852579351097, 0.31029035805947724, 0.0]","[0.38922852579351097, 0.10343011935315907, 0.0]","[0.4981901207946901, 0.4976717291581592]",1.2394548224688215,48535,0.4887703873497309,0.3889178084851332,0.21848997218774804,"[0.03133436683730828, 0.02476177148039702, 0.0]","[0.03133436683730828, 0.008253923826799006, 0.0]","[0.10028849712623253, 0.09930635559673433]",0.27458611050545334
1027401165,"[1, 2, 3]",0.7767547531345196,0.3903683223738604,"[0.38784903217391353, 0.3845555862085777]","[0.425541696099565, 0.33706452696142214, 0.0]","[0.425541696099565, 0.11235484232047405, 0.0]",1.5330714574174888,0.7704652343565016,1.1084968877562869,0.3049418076392098,"[0.7979688758157861, 0.8155122079611553]","[0.3058007054043189, 0.14600675181465653, 0.0]","[0.3058007054043189, 0.048668917271552176, 0.0]","[4, 5, 6]",0.6232642572794712,0.17145680006049574,73369,0.8905085412301814,0.3903111383474831,0.5508957495981477,"[0.394077389095438, 0.3119148210545845, 0.0]","[0.394077389095438, 0.10397160701819483, 0.0]","[0.5025795406077517, 0.4972198735641081]",1.2568879597481701,48580,0.49120183620414176,0.3905118698179196,0.21956948475835067,"[0.031464307004129624, 0.025149705906839653, 0.0]","[0.031464307004129624, 0.008383235302279884, 0.0]","[0.1005010659862817, 0.10092729828675123]",0.27618349766931993
1249012751,"[1, 2, 3]",0.7648068444882303,0.379092222787181,"[0.3845026715150672, 0.38724389805332304]","[0.42434992423243323, 0.33869450230856685, 0.0]","[0.42434992423243323, 0.11289816743618894, 0.0]",1.5129880155786843,0.7499435890376843,1.0944965532655082,0.2967772900356293,"[0.8003381148586195, 0.7920989893124762]","[0.30810898947891024, 0.1420900740016366, 0.0]","[0.30810898947891024, 0.04736335800054553, 0.0]","[4, 5, 6]",0.6176876326989547,0.16748856921840788,73397,0.8764191703165868,0.376689407730709,0.5326025986114933,"[0.3926317237539235, 0.31393810458331484, 0.0]","[0.3926317237539235, 0.10464603486110494, 0.0]","[0.4988695654402292, 0.5008097660075821]",1.2391724269487316,48758,0.4851808618481693,0.38511207333934405,0.21734099042617983,"[0.03171820047850625, 0.024756397725252663, 0.0]","[0.03171820047850625, 0.00825213257508422, 0.0]","[0.10018687427064109, 0.09991790175944705]",0.27381558862993877
222693383,"[1, 2, 3]",0.7756316522384394,0.3893079404700487,"[0.3874002857026038, 0.3849826757217781]","[0.4251633115071663, 0.33918796932004625, 0.0]","[0.4251633115071663, 0.11306265644001541, 0.0]",1.5346069339746027,0.7702556531473902,1.099536544900126,0.2991462739403441,"[0.8019946922868948, 0.7969585691140234]","[0.3091772177604647, 0.14364172544102322, 0.0]","[0.3091772177604647, 0.047880575147007734, 0.0]","[4, 5, 6]",0.6220602552752775,0.16924131207378956,73181,0.8891049351434199,0.388187355464862,0.5484224493881906,"[0.3935373158385393, 0.31414788338682675, 0.0]","[0.3935373158385393, 0.10471596112894224, 0.0]","[0.503092658023744, 0.4982192240458556]",1.256107648613557,48879,0.4922676531512402,0.3921062507000415,0.2218332037591849,"[0.03162599566862679, 0.025040085933219353, 0.0]","[0.03162599566862679, 0.008346695311073116, 0.0]","[0.10032297631137031, 0.09995807455508303]",0.278499285361031
1872445595,"[1, 2, 3]",0.7837831276635444,0.39613624611703996,"[0.3877496733329025, 0.3875184464243148]","[0.42482442056602954, 0.33980129050019225, 0.0]","[0.42482442056602954, 0.11326709683339742, 0.0]",1.5459965237448945,0.7813708126786729,1.1001372684319006,0.29934629525610845,"[0.7996783317630433, 0.8031638432412154]","[0.3062476681876495, 0.14422577263641484, 0.0]","[0.3062476681876495, 0.04807525754547161, 0.0]","[4, 5, 6]",0.6188663924668312,0.1683929516427669,73216,0.8972711639174659,0.39473942034288106,0.5565606200903133,"[0.3937082765754238, 0.31483352190011643, 0.0]","[0.3937082765754238, 0.1049445073000388, 0.0]","[0.502546112202964, 0.502513776352148]",1.2651024185658535,48603,0.49933568432847875,0.39963726290579704,0.22481019258837937,"[0.031116143990609815, 0.02496776860007807, 0.0]","[0.031116143990609815, 0.008322589533359355, 0.0]","[0.09967117430660319, 0.09973239906771104]",0.28089410517906727
1649939708,"[1, 2, 3]",0.7940048822242567,0.40825880413362403,"[0.3848369043135636, 0.38688328320924664]","[0.4204434025850271, 0.3379238851282579, 0.0]","[0.4204434025850271, 0.11264129504275262, 0.0]",1.560994040286882,0.8026267525735972,1.0910548392445483,0.29168939266907623,"[0.7999455641040635, 0.7981457895637536]","[0.30348551922040534, 0.14402505089045617, 0.0]","[0.30348551922040534, 0.04800835029681872, 0.0]","[4, 5, 6]",0.6108077040661066,0.16329713395524517,73122,0.9067396043649547,0.40720665243718107,0.5725908248874594,"[0.3892613283199537, 0.31315348561022016, 0.0]","[0.3892613283199537, 0.10438449520340672, 0.0]","[0.49836293386686575, 0.5009950087151387]",1.2750056388176332,48370,0.5108465844711648,0.4109015168461576,0.23003592768614933,"[0.031182074265070244, 0.024770399518036564, 0.0]","[0.031182074265070244, 0.00825679983934552, 0.0]","[0.10012109806158763, 0.0997243508355778]",0.28598840146925614
1888304684,"[1, 2, 3]",0.7701320521260194,0.38395641340019954,"[0.3853328297011104, 0.38723157558481347]","[0.4227796826090986, 0.33910960222282055, 0.0]","[0.4227796826090986, 0.11303653407427351, 0.0]",1.5194002406687817,0.7575109558368625,1.0933274973370204,0.2901377797013219,"[0.8045494444072605, 0.8003102962370964]","[0.308083187242786, 0.14471717768222073, 0.0]","[0.308083187242786, 0.04823905922740691, 0.0]","[4, 5, 6]",0.6163663190734351,0.16356595414842834,73041,0.8839164005200978,0.3832109742945857,0.5400040544393282,"[0.39148687003474786, 0.31408519960461745, 0.0]","[0.39148687003474786, 0.10469506653487248, 0.0]","[0.499942497485886, 0.5016596336808096]",1.2455761240786933,48707,0.4857167350610679,0.3858197127253479,0.21750690139753118,"[0.0312928125743504, 0.02502440261820268, 0.0]","[0.0312928125743504, 0.008341467539400894, 0.0]","[0.09962159959023599, 0.10024358659247498]",0.27382411659008427
944372545,"[1, 2, 3]",0.7348064430027107,0.3513654082694551,"[0.382476381053617, 0.3846527978885166]","[0.41793470929153315, 0.3346003546088073, 0.0]","[0.41793470929153315, 0.1115334515362691, 0.0]",1.442119031219765,0.6895839673194244,1.0851964273693187,0.2900136723239227,"[0.7936558884611125, 0.7984473649018244]","[0.3014882851393842, 0.14185815062662716, 0.0]","[0.3014882851393842, 0.04728605020887572, 0.0]","[4, 5, 6]",0.6050407470830153,0.1616943113170039,73222,0.844517749026695,0.34866506889430005,0.4898894968567125,"[0.38687531049585494, 0.309819144028788, 0.0]","[0.38687531049585494, 0.103273048009596, 0.0]","[0.4941821522069293, 0.4979546147858175]",1.1865839513813554,48170,0.4583257525135326,0.3581704653055475,0.19969447046270897,"[0.031059398795678435, 0.02478121058001963, 0.0]","[0.031059398795678435, 0.00826040352667321, 0.0]","[0.10024092182699906, 0.10004816390186323]",0.25553507983840706
1119220543,"[1, 2, 3]",0.7636843940914073,0.3780542559356259,"[0.38497059193616556, 0.38645462318676266]","[0.42180196757328287, 0.33872091495726836, 0.0]","[0.42180196757328287, 0.11290697165242278, 0.0]",1.5061049416821553,0.7455820591516039,1.097165744999399,0.29829133950337194,"[0.7959570314136813, 0.8051294549167729]","[0.3051910972386272, 0.1439823730856126, 0.0]","[0.3051910972386272, 0.047994124361870866, 0.0]","[4, 5, 6]",0.6168901416941325,0.1677166713698927,73236,0.8769358881785885,0.3776722121544343,0.5324794125415351,"[0.39046151773150556, 0.313449493873343, 0.0]","[0.39046151773150556, 0.10448316462444765, 0.0]","[0.49906529691534, 0.49951101599127895]",1.2363904241463837,48579,0.4796989116353969,0.3790122555487369,0.21310264661006267,"[0.031340449841776544, 0.025271421083925823, 0.0]","[0.031340449841776544, 0.008423807027975273, 0.0]","[0.10003731769417118, 0.10150373997898883]",0.2697145175357651
995256240,"[1, 2, 3]",0.7609615959677524,0.37524227910880703,"[0.3848798058415637, 0.38677424067351074]","[0.4245083295667907, 0.33948761649838444, 0.0]","[0.4245083295667907, 0.11316253883279481, 0.0]",1.5072399774140732,0.743244031348898,1.090538289074727,0.29330468234790996,"[0.7958704034834189, 0.8001347985225704]","[0.30625683858226854, 0.14467409327639155, 0.0]","[0.30625683858226854, 0.04822469775879718, 0.0]","[4, 5, 6]",0.6168298009149568,0.16589886905629667,73393,0.8739448010767968,0.3744731785776616,0.5299113113485804,"[0.39239701822598005, 0.31439769392195305, 0.0]","[0.39239701822598005, 0.10479923130731768, 0.0]","[0.49893648193660034, 0.5001411393871942]",1.2367060234965135,48869,0.4782966627167943,0.3771664389880723,0.21333272000032827,"[0.03211131134081197, 0.02508992257643032, 0.0]","[0.03211131134081197, 0.008363307525476774, 0.0]","[0.10145866337831183, 0.10071296010588092]",0.27053395391757057
1705491930,"[1, 2, 3]",0.7697128741514373,0.3836181000120495,"[0.3844805914461082, 0.38812416052787163]","[0.42086414339445505, 0.3379295162594287, 0.0]","[0.42086414339445505, 0.11264317208647623, 0.0]",1.5127199013815806,0.753926241727697,1.0909442447237074,0.2948060915137373,"[0.7983131215067067, 0.7915161528500495]","[0.304709479208726, 0.14216589888286557, 0.0]","[0.304709479208726, 0.04738863296095519, 0.0]","[4, 5, 6]",0.6123511602504209,0.16547578215882933,72802,0.8835273090690514,0.38341994488435766,0.5383217310253581,"[0.3892446630535943, 0.31290624374816817, 0.0]","[0.3892446630535943, 0.10430208124938939, 0.0]","[0.4988875437281527, 0.5016331300714825]",1.2404726378271205,48492,0.4850265739597291,0.3841137493574861,0.21560451070234657,"[0.03161948034086096, 0.0250232725112618, 0.0]","[0.03161948034086096, 0.008341090837087266, 0.0]","[0.1005692219382959, 0.10135037432367429]",0.2722472635544694
1488052562,"[1, 2, 3]",0.7671336744839922,0.3819352391480178,"[0.38509858480811027, 0.3853239485868578]","[0.4225278082179895, 0.33633352818756657, 0.0]","[0.4225278082179895, 0.11211117606252219, 0.0]",1.5112940033436821,0.752432666938126,1.108178261354633,0.3074569589047337,"[0.7972254704574774, 0.808193812486862]","[0.30572204887665827, 0.14499237463610262, 0.0]","[0.30572204887665827, 0.04833079154536754, 0.0]","[4, 5, 6]",0.6237774924778884,0.17306306896512755,72944,0.8804244933233746,0.38092158836988577,0.5360204763427093,"[0.3915503837696122, 0.31133386648650424, 0.0]","[0.3915503837696122, 0.10377795549550141, 0.0]","[0.49949123525573186, 0.4995175821734928]",1.2389047265988256,48632,0.48391594559729406,0.3844692827201661,0.21641219059539976,"[0.030977424448379507, 0.024999661701064, 0.0]","[0.030977424448379507, 0.008333220567021333, 0.0]","[0.09887606977686017, 0.10016289428308464]",0.27238927674484326
1733601620,"[1, 2, 3]",0.7652950983735161,0.37819327273012565,"[0.38778479290705076, 0.3862479295569039]","[0.4252518153350478, 0.3387789602581821, 0.0]","[0.4252518153350478, 0.1129263200860607, 0.0]",1.5104785584417932,0.7464477828485633,1.1083549679591513,0.3050534627521801,"[0.7996912018799922, 0.8110844658567102]","[0.30897589949995974, 0.14536746863408997, 0.0]","[0.30897589949995974, 0.04845582287802999, 0.0]","[4, 5, 6]",0.6268801016387009,0.17253673350465124,72794,0.8792209805697626,0.3771103334862409,0.5310186194674907,"[0.39366891832376355, 0.3133658111924677, 0.0]","[0.39366891832376355, 0.10445527039748922, 0.0]","[0.5022030589669532, 0.5019946019240829]",1.2380533489837222,48867,0.4816612196030415,0.38088939631763885,0.2154291633810811,"[0.03158289701128215, 0.02541314906571673, 0.0]","[0.03158289701128215, 0.008471049688572242, 0.0]","[0.10098960765763564, 0.1005024712582256]",0.27242520945807996
1816139947,"[1, 2, 3]",0.7835356505831058,0.39667502423453166,"[0.3853754919394909, 0.3887391187598451]","[0.42406522884608117, 0.3381918466654591, 0.0]","[0.42406522884608117, 0.11273061555515303, 0.0]",1.5438521082121275,0.7815950327005872,1.1068625645352606,0.3031518997402611,"[0.8024653582328563, 0.8063619497118917]","[0.3072805717586529, 0.145030288423417, 0.0]","[0.3072805717586529, 0.04834342947447233, 0.0]","[4, 5, 6]",0.6229181477839095,0.17060728760183955,72993,0.89732574907786,0.39585697747504384,0.5572034945087028,"[0.39224097252763357, 0.313620406262112, 0.0]","[0.39224097252763357, 0.104540135420704, 0.0]","[0.49980518464453405, 0.5035650500752519]",1.2630648732984484,48625,0.4989305256733496,0.39872107484209535,0.22439153819185423,"[0.031824256318454786, 0.024571440403348237, 0.0]","[0.031824256318454786, 0.008190480134449412, 0.0]","[0.10083501838893023, 0.09941067757173636]",0.2807872349136572
487261959,"[1, 2, 3]",0.7703755635394731,0.38392637136877755,"[0.3868016571813913, 0.386008308070313]","[0.4236625603820015, 0.3380025574761835, 0.0]","[0.4236625603820015, 0.11266751915872783, 0.0]",1.5183579272153882,0.7566928093572031,1.119783262670507,0.3160438353554449,"[0.8056867047951729, 0.7995851436542118]","[0.3098002890761634, 0.14411594428884034, 0.0]","[0.3098002890761634, 0.04803864809628011, 0.0]","[4, 5, 6]",0.632403716307082,0.1784874829420783,72696,0.8845114275253666,0.3826853823191281,0.5381232434713182,"[0.3926837743205418, 0.31297228567385543, 0.0]","[0.3926837743205418, 0.10432409522461847, 0.0]","[0.5021398436277166, 0.501432879206262]",1.2437793034657154,48793,0.4861902914762275,0.387016292436415,0.21856956588588913,"[0.030978786061458978, 0.025030271802327846, 0.0]","[0.030978786061458978, 0.008343423934109282, 0.0]","[0.09888658923416667, 0.09953203437831348]",0.27457862374967595
